id,kind,name,author,sha256,symbol,timeframe,data_symbol,data_timeframe,window_from,window_to,window_bars,frozen_input,compiled,compile_error,ohlcv_ok,tv_ok,tv_cached,tv_bars,pyne_ok,pyne_error,is_strategy,pyne_run_sec,pyne_ms_per_bar,plot_common_cols,plot_bars_joined,plot_match_pct,plot_na_match_pct,plot_worst_col,plot_worst_match_pct,plot_max_abs,plot_max_rel,plot_nrmse_range_med,plot_nrmse_iqr_med,plot_pearson_min,plot_first_divergence_ts,plot_repaint,plot_repaint_shift,plot_repaint_match_pct,trades_tv,trades_pc,entry_match_pct,exit_match_pct,trade_match_pct,pc_extra_entries,pc_missing_entries,tv_net_profit,pc_net_profit,net_profit_match,tv_net_profit_pct,pc_net_profit_pct,net_profit_pct_match,tie_excluded,tie_excluded_reason,trade_match_pct_adj,tv_net_profit_adj,pc_net_profit_adj,net_profit_match_adj,uses_request_security,sec_contexts,sec_series,data_limited,data_limited_reason,status,fail_stage,compared_at
PUB;42af0c00136b444b918a15e6cb30e896,indicator,%R Trend Exhaustion [upslidedown],upslidedown,a366e41800ec933437ce47677cb244f4a7b6ba4f09f4ed42b485d4bdb51895a5,BINANCE:BTCUSDT,30,BINANCE:BTCUSDT,30,2025-01-01T00:00:00+00:00,2026-07-07T16:30:00+00:00,26530,1,1,,1,1,1,26531,1,,0,7.351,0.2771,16,26530,1.0,1.0,Fast Period %R,1.0,0.0,0.0,0.0,0.0,1.0,,,,,,,,,,,,,,,,,,,,,,,,0,,,0,,ok,,2026-07-28
PUB;87158567b731451c8a1347f953921ab7,indicator,Adaptive Trend Flow [QuantAlgo],QuantAlgo,1ea54098575274f28045d2d70e8169513a1d15b6bad7bcf8771093c8fe2b9b44,BINANCE:BTCUSDT,30,BINANCE:BTCUSDT,30,2025-01-01T00:00:00+00:00,2026-07-06T08:00:00+00:00,26465,1,1,,1,1,1,26466,1,,0,0.972,0.0367,3,26465,1.0,1.0,Plot,1.0,0.005,0.0,0.0,0.0,1.0,,,,,,,,,,,,,,,,,,,,,,,,0,,,0,,ok,,2026-07-28
PUB;92a018ea21ef4b9886e810a7fea6968d,indicator,Buy Sell Signal,kelfry98,fa0109bdbab422253cc908c4c17cb09ed1751808cefb88addbc931b0233a9a34,BINANCE:BTCUSDT,30,BINANCE:BTCUSDT,30,2025-01-01T00:00:00+00:00,2026-07-01T06:30:00+00:00,26222,1,1,,1,1,1,26223,1,,0,1.038,0.0396,8,26222,1.0,1.0,Fast EMA,1.0,0.005,0.0,0.0,0.0,1.0,,,,,,,,,,,,,,,,,,,,,,,,0,,,0,,ok,,2026-07-28
PUB;84da7a14bfe64823a1246e4d5b0f7c80,indicator,CVD - Cumulative Volume Delta (Chart),TradingView,98bdc5ef9c21c2bc71325a1f88ebb8a463f271c4656f814aebb94ca63d285192,BINANCE:BTCUSDT,30,BINANCE:BTCUSDT,30,2025-01-01T00:00:00+00:00,2026-07-05T14:00:00+00:00,26429,1,1,,1,1,1,26430,1,,0,24.561,0.9293,20,26429,0.999984,1.0,CVD before this bar,0.999886,0.00017,2.4e-05,0.0,0.0,1.0,1779562800,,,,,,,,,,,,,,,,,,,,,,,1,2,"[{""symbol"": ""BINANCE:BTCUSDT"", ""timeframe"": ""30"", ""from"": ""2025-01-01T00:00:00+00:00"", ""to"": ""2026-07-05T14:00:00+00:00"", ""bars"": 26429}, {""symbol"": ""BINANCE:BTCUSDT"", ""timeframe"": ""1"", ""from"": ""2026-04-27T04:17:00+00:00"", ""to"": ""2026-07-05T14:29:00+00:00"", ""bars"": 99973}]",0,,ok,,2026-07-28
PUB;31190855aaa049d58746900abf6f0cea,indicator,Change in State of Delivery CISD [AlgoAlpha],AlgoAlpha,400fe21f90951d04f3ed7f9731b73e3e0bbf984a3c0f6a9e92ed9213e046c418,BINANCE:BTCUSDT,30,BINANCE:BTCUSDT,30,2025-01-01T00:00:00+00:00,2026-07-01T06:30:00+00:00,26222,1,1,,1,1,1,26223,1,,0,1.127,0.043,4,26222,1.0,1.0,Bearish CISD with Liquidity Sweep,1.0,0.0,0.0,0.0,0.0,1.0,,,,,,,,,,,,,,,,,,,,,,,,0,,,0,,ok,,2026-07-28
PUB;7a639b049f0d493fbe5a5ca996e8fff5,indicator,Comprehensive Trading Toolkit [BigBeluga],BigBeluga,ca8b7a5dca1be549510123dc1defb097c41a752f6ac88da8d368c23a1158ecb3,BINANCE:BTCUSDT,30,BINANCE:BTCUSDT,30,2025-01-01T00:00:00+00:00,2026-07-07T16:30:00+00:00,26530,1,1,,1,1,1,26531,1,,0,1.994,0.0752,7,26530,0.999952,0.999978,Regular Bullish,0.997819,0.0,0.0,0.0,0.0,1.0,1777955400,,,,,,,,,,,,,,,,,,,,,,,0,,,0,,ok,,2026-07-28
PUB;07fdb6893496402da7ae8c21da9ac862,indicator,Consolidation Range with Signals (Zeiierman),Zeiierman,398608b87ad459059481537d169309066995a7343eabab16f43a7bb9e4e2bba5,BINANCE:BTCUSDT,30,BINANCE:BTCUSDT,30,2025-01-01T00:00:00+00:00,2026-07-07T16:30:00+00:00,26530,1,1,,1,1,1,26531,1,,0,1.629,0.0614,5,26530,1.0,1.0,Trend,1.0,0.005,0.0,0.0,0.0,1.0,,,,,,,,,,,,,,,,,,,,,,,,0,,,0,,ok,,2026-07-28
PUB;f3d01f07c7b04d449fc0d72dd2854b15,indicator,Day Trading Booster by DGT,dgtrd,48bd77eccefa0d3873d77b840bf969f33afc98cc9f844638a2bf9451b20fcf02,BINANCE:BTCUSDT,30,BINANCE:BTCUSDT,30,2025-01-01T00:00:00+00:00,2026-07-02T13:00:00+00:00,26283,1,1,,1,1,1,26284,1,,0,100.714,3.8319,2,26283,1.0,1.0,Moving Average #1,1.0,0.005,0.0,0.0,0.0,1.0,,,,,,,,,,,,,,,,,,,,,,,,1,2,"[{""symbol"": ""BINANCE:BTCUSDT"", ""timeframe"": ""D"", ""from"": ""2019-07-12T00:00:00+00:00"", ""to"": ""2026-07-02T00:00:00+00:00"", ""bars"": 2548}, {""symbol"": ""BINANCE:BTCUSDT"", ""timeframe"": ""1"", ""from"": ""2026-04-24T02:21:00+00:00"", ""to"": ""2026-07-02T13:29:00+00:00"", ""bars"": 100029}]",0,,ok,,2026-07-28
PUB;cadbb4cd9a934f43bb6ce05010ec2b96,indicator,DeltaFlow Volume Profile [BigBeluga],BigBeluga,d894f37087879de3dbf0c86748b24ccb55cfa86cd610749e0c76e73b0cdd637c,BINANCE:BTCUSDT,30,BINANCE:BTCUSDT,30,2025-01-01T00:00:00+00:00,2026-07-07T17:00:00+00:00,26531,1,1,,1,0,1,0,1,,0,0.686,0.0259,,,,,,,,,,,,,,,,,,,,,,,,,,,,,,,,,,,0,,,0,,ok,,2026-07-28
PUB;1d610cc4055240a1a01743b225c58ccf,indicator,Deviation Trend Profile [BigBeluga],BigBeluga,9287427cff310e7ebbd62b2d3feabfed036e3ae13dfa0159332fc5a33ded66a1,BINANCE:BTCUSDT,30,BINANCE:BTCUSDT,30,2025-01-01T00:00:00+00:00,2026-07-02T13:00:00+00:00,26283,1,1,,1,1,1,26284,1,,0,3.505,0.1333,5,26283,1.0,0.999954,Plot,1.0,0.005,0.0,0.0,0.0,1.0,,,,,,,,,,,,,,,,,,,,,,,,0,,,0,,ok,,2026-07-28
PUB;WokerspHYCae8NdAwae4mYE2rTOAOsWD,indicator,Elliott Wave Oscillator Signals by DGT,dgtrd,278c080ec378a5af5221c4d1f81fe2cb9447759effabad95f97970414e757f61,BINANCE:BTCUSDT,30,BINANCE:BTCUSDT,30,2025-01-01T00:00:00+00:00,2026-07-01T06:30:00+00:00,26222,1,1,,1,1,1,26223,1,,0,1.662,0.0634,12,26222,1.0,1.0,Strong Long,1.0,0.0,0.0,0.0,,1.0,,,,,,,,,,,,,,,,,,,,,,,,0,,,0,,ok,,2026-07-28
PUB;3KZoMPYziyb4zHtK43htj9OetbgOzDRP,indicator,FX Market Sessions,boitoki,00375130e502fc77f5b16621299858731de42513c8d598245146673466ac3792,BINANCE:BTCUSDT,30,BINANCE:BTCUSDT,30,2025-01-01T00:00:00+00:00,2026-07-02T13:00:00+00:00,26283,1,1,,1,1,1,26284,1,,0,5.478,0.2084,16,26283,,,,,,,,,,,,,,,,,,,,,,,,,,,,,,,,,0,,,0,,ok,,2026-07-28
PUB;smOGfR6p3nRIFHGkaKqbV9wWl8bFcUmA,indicator,Fibonacci Extension / Retracement / Pivot Points by DGT,dgtrd,d603ff0015d6a8df279aeabc8aa3d520a2ac0d59039c13aba63cbcad511f865e,BINANCE:BTCUSDT,30,BINANCE:BTCUSDT,30,2025-01-01T00:00:00+00:00,2026-07-02T13:00:00+00:00,26283,1,1,,1,1,1,26284,1,,0,10.659,0.4055,31,26283,1.0,1.0,Exhaustion Bar,1.0,0.0,0.0,0.0,,1.0,,,,,,,,,,,,,,,,,,,,,,,,0,,,0,,ok,,2026-07-28
PUB;b479566fb5794c7ca3b8158bacb6f5b7,indicator,Fibonacci Time-Price Zones,xxattaxx,81eb37eedcce7b5b546c1ff8ef727cfc714bb81f60ac93295c4a7c624be5e750,BINANCE:BTCUSDT,30,BINANCE:BTCUSDT,30,2025-01-01T00:00:00+00:00,2026-07-06T08:00:00+00:00,26465,1,1,,1,1,1,26466,1,,0,2.537,0.0959,17,26465,1.0,1.0,B Price,1.0,0.0,0.0,,,,,,,,,,,,,,,,,,,,,,,,,,,0,,,0,,ok,,2026-07-28
PUB;8143a07641de4d43be04c81f85649473,indicator,Fibonacci Trend [ChartPrime],ChartPrime,84f43428648eaadd23eea264e279b48fa7447234dd8ae1d5429a58227e1fb202,BINANCE:BTCUSDT,30,BINANCE:BTCUSDT,30,2025-01-01T00:00:00+00:00,2026-07-02T13:00:00+00:00,26283,1,1,,1,1,1,26284,1,,0,1.981,0.0754,2,26283,1.0,1.0,Trend,1.0,0.005,0.0,0.0,0.0,1.0,,,,,,,,,,,,,,,,,,,,,,,,0,,,0,,ok,,2026-07-28
PUB;1b7ae64e245e4b56aa0dbfe4ed5ec48a,indicator,Global Liquidity Index,QuantitativeAlpha,2c10623719e52be97890b4264e316ceb858022d4fee47bae73d9768c1a31dab5,BINANCE:BTCUSDT,30,BINANCE:BTCUSDT,30,2025-01-01T00:00:00+00:00,2026-07-09T20:00:00+00:00,26633,1,1,,1,1,1,26634,1,,0,79.872,2.999,1,26633,1.0,1.0,GLI Line,1.0,8e-06,0.0,0.0,0.0,1.0,,,,,,,,,,,,,,,,,,,,,,,,1,34,"[{""symbol"": ""ECONOMICS:USCBBS"", ""timeframe"": ""D"", ""from"": ""2024-12-25T00:00:00+00:00"", ""to"": ""2026-07-02T00:00:00+00:00"", ""bars"": 135}, {""symbol"": ""FRED:RRPONTSYD"", ""timeframe"": ""D"", ""from"": ""2024-12-31T00:00:00+00:00"", ""to"": ""2026-07-09T00:00:00+00:00"", ""bars"": 555}, {""symbol"": ""FRED:WTREGEN"", ""timeframe"": ""D"", ""from"": ""2024-12-25T00:00:00+00:00"", ""to"": ""2026-07-01T00:00:00+00:00"", ""bars"": 80}, {""symbol"": ""ECONOMICS:EUCBBS * FX_IDC:EURUSD"", ""timeframe"": ""D"", ""from"": ""2024-12-31T00:00:00+00:00"", ""to"": ""2026-07-09T00:00:00+00:00"", ""bars"": 556}, {""symbol"": ""ECONOMICS:CNCBBS * FX_IDC:CNYUSD"", ""timeframe"": ""D"", ""from"": ""2024-12-31T00:00:00+00:00"", ""to"": ""2026-07-09T00:00:00+00:00"", ""bars"": 556}, {""symbol"": ""ECONOMICS:JPCBBS * FX_IDC:JPYUSD"", ""timeframe"": ""D"", ""from"": ""2024-12-31T00:00:00+00:00"", ""to"": ""2026-07-09T00:00:00+00:00"", ""bars"": 556}, {""symbol"": ""ECONOMICS:GBCBBS * FX_IDC:GBPUSD"", ""timeframe"": ""D"", ""from"": ""2024-12-31T00:00:00+00:00"", ""to"": ""2026-07-09T00:00:00+00:00"", ""bars"": 556}, {""symbol"": ""ECONOMICS:CACBBS * FX_IDC:CADUSD"", ""timeframe"": ""D"", ""from"": ""2024-12-31T00:00:00+00:00"", ""to"": ""2026-07-09T00:00:00+00:00"", ""bars"": 556}, {""symbol"": ""ECONOMICS:AUCBBS * FX_IDC:AUDUSD"", ""timeframe"": ""D"", ""from"": ""2024-12-31T00:00:00+00:00"", ""to"": ""2026-07-09T00:00:00+00:00"", ""bars"": 556}, {""symbol"": ""ECONOMICS:INCBBS * FX_IDC:INRUSD"", ""timeframe"": ""D"", ""from"": ""2024-12-31T00:00:00+00:00"", ""to"": ""2026-07-09T00:00:00+00:00"", ""bars"": 556}, {""symbol"": ""ECONOMICS:CHCBBS * FX_IDC:CHFUSD"", ""timeframe"": ""D"", ""from"": ""2024-12-31T00:00:00+00:00"", ""to"": ""2026-07-09T00:00:00+00:00"", ""bars"": 556}, {""symbol"": ""ECONOMICS:RUCBBS * FX_IDC:RUBUSD"", ""timeframe"": ""D"", ""from"": ""2024-12-31T00:00:00+00:00"", ""to"": ""2026-07-09T00:00:00+00:00"", ""bars"": 556}, {""symbol"": ""ECONOMICS:BRCBBS * FX_IDC:BRLUSD"", ""timeframe"": ""D"", ""from"": ""2024-12-31T00:00:00+00:00"", ""to"": ""2026-07-09T00:00:00+00:00"", ""bars"": 556}, {""symbol"": ""ECONOMICS:KRCBBS * FX_IDC:KRWUSD"", ""timeframe"": ""D"", ""from"": ""2024-12-31T00:00:00+00:00"", ""to"": ""2026-07-09T00:00:00+00:00"", ""bars"": 556}, {""symbol"": ""ECONOMICS:NZCBBS * FX_IDC:NZDUSD"", ""timeframe"": ""D"", ""from"": ""2024-12-31T00:00:00+00:00"", ""to"": ""2026-07-09T00:00:00+00:00"", ""bars"": 556}, {""symbol"": ""ECONOMICS:SECBBS * FX_IDC:SEKUSD"", ""timeframe"": ""D"", ""from"": ""2024-12-31T00:00:00+00:00"", ""to"": ""2026-07-08T00:00:00+00:00"", ""bars"": 555}, {""symbol"": ""ECONOMICS:MYCBBS * FX_IDC:MYRUSD"", ""timeframe"": ""D"", ""from"": ""2024-12-31T00:00:00+00:00"", ""to"": ""2026-07-09T00:00:00+00:00"", ""bars"": 556}, {""symbol"": ""ECONOMICS:USM2"", ""timeframe"": ""D"", ""from"": ""2024-12-31T00:00:00+00:00"", ""to"": ""2026-04-30T00:00:00+00:00"", ""bars"": 30}, {""symbol"": ""ECONOMICS:EUM2 * FX_IDC:EURUSD"", ""timeframe"": ""D"", ""from"": ""2024-12-31T00:00:00+00:00"", ""to"": ""2026-07-09T00:00:00+00:00"", ""bars"": 556}, {""symbol"": ""ECONOMICS:CNM2 * FX_IDC:CNYUSD"", ""timeframe"": ""D"", ""from"": ""2024-12-31T00:00:00+00:00"", ""to"": ""2026-07-09T00:00:00+00:00"", ""bars"": 556}, {""symbol"": ""ECONOMICS:JPM2 * FX_IDC:JPYUSD"", ""timeframe"": ""D"", ""from"": ""2024-12-31T00:00:00+00:00"", ""to"": ""2026-07-09T00:00:00+00:00"", ""bars"": 556}, {""symbol"": ""ECONOMICS:GBM2 * FX_IDC:GBPUSD"", ""timeframe"": ""D"", ""from"": ""2024-12-31T00:00:00+00:00"", ""to"": ""2026-07-09T00:00:00+00:00"", ""bars"": 556}, {""symbol"": ""ECONOMICS:CAM2 * FX_IDC:CADUSD"", ""timeframe"": ""D"", ""from"": ""2024-12-31T00:00:00+00:00"", ""to"": ""2026-07-09T00:00:00+00:00"", ""bars"": 556}, {""symbol"": ""ECONOMICS:AUM3 * FX_IDC:AUDUSD"", ""timeframe"": ""D"", ""from"": ""2024-12-31T00:00:00+00:00"", ""to"": ""2026-07-09T00:00:00+00:00"", ""bars"": 556}, {""symbol"": ""ECONOMICS:INM2 * FX_IDC:INRUSD"", ""timeframe"": ""D"", ""from"": ""2024-12-31T00:00:00+00:00"", ""to"": ""2026-07-09T00:00:00+00:00"", ""bars"": 556}, {""symbol"": ""ECONOMICS:CHM2 * FX_IDC:CHFUSD"", ""timeframe"": ""D"", ""from"": ""2024-12-31T00:00:00+00:00"", ""to"": ""2026-07-09T00:00:00+00:00"", ""bars"": 556}, {""symbol"": ""ECONOMICS:RUM2 * FX_IDC:RUBUSD"", ""timeframe"": ""D"", ""from"": ""2024-12-31T00:00:00+00:00"", ""to"": ""2026-07-09T00:00:00+00:00"", ""bars"": 556}, {""symbol"": ""ECONOMICS:BRM2 * FX_IDC:BRLUSD"", ""timeframe"": ""D"", ""from"": ""2024-12-31T00:00:00+00:00"", ""to"": ""2026-07-09T00:00:00+00:00"", ""bars"": 556}, {""symbol"": ""ECONOMICS:KRM2 * FX_IDC:KRWUSD"", ""timeframe"": ""D"", ""from"": ""2024-12-31T00:00:00+00:00"", ""to"": ""2026-07-09T00:00:00+00:00"", ""bars"": 556}, {""symbol"": ""ECONOMICS:MXM2 * FX_IDC:MXNUSD"", ""timeframe"": ""D"", ""from"": ""2024-12-31T00:00:00+00:00"", ""to"": ""2026-07-09T00:00:00+00:00"", ""bars"": 556}, {""symbol"": ""ECONOMICS:IDM2 * FX_IDC:IDRUSD"", ""timeframe"": ""D"", ""from"": ""2024-12-31T00:00:00+00:00"", ""to"": ""2026-07-09T00:00:00+00:00"", ""bars"": 556}, {""symbol"": ""ECONOMICS:ZAM2 * FX_IDC:ZARUSD"", ""timeframe"": ""D"", ""from"": ""2024-12-31T00:00:00+00:00"", ""to"": ""2026-07-09T00:00:00+00:00"", ""bars"": 556}, {""symbol"": ""ECONOMICS:MYM2 * FX_IDC:MYRUSD"", ""timeframe"": ""D"", ""from"": ""2024-12-31T00:00:00+00:00"", ""to"": ""2026-07-09T00:00:00+00:00"", ""bars"": 556}, {""symbol"": ""ECONOMICS:SEM2 * FX_IDC:SEKUSD"", ""timeframe"": ""D"", ""from"": ""2024-12-31T00:00:00+00:00"", ""to"": ""2026-07-08T00:00:00+00:00"", ""bars"": 555}]",0,,ok,,2026-07-28
PUB;091bb46c2b8b45718c46b487a8fa46ac,indicator,HEMA Trend Levels [AlgoAlpha],AlgoAlpha,a57fe9e16b6f1e310ac82ae24e19901288e2b2c69767fc225df3bd4e07fb861c,BINANCE:BTCUSDT,30,BINANCE:BTCUSDT,30,2025-01-01T00:00:00+00:00,2026-07-04T17:00:00+00:00,26387,1,1,,1,1,1,26388,1,,0,1.101,0.0417,8,26387,1.0,1.0,Top HEMA,1.0,0.005,0.0,0.0,0.0,1.0,,,,,,,,,,,,,,,,,,,,,,,,0,,,0,,ok,,2026-07-28
PUB;qGtQuqP4dCZKbFCqXUhpP5QDTaghhTpZ,indicator,HTF Candles & Mini Charts by DGT,dgtrd,cef0879736c8ac94b09a81d58e94b5d7214e11ac0b6718bd2cfda6c8a377cf3c,BINANCE:BTCUSDT,30,BINANCE:BTCUSDT,30,2025-01-01T00:00:00+00:00,2026-07-01T06:30:00+00:00,26222,1,1,,1,1,1,243,1,,0,4.851,0.185,10,242,,,,,,,,,,,,,,,,,,,,,,,,,,,,,,,,,1,0,,0,,ok,,2026-07-28
PUB;xhevX7JPlDxkaET3spCluX1AocxhFBc0,indicator,HalfTrend,everget,6587a9be145fb58e6a6cd1971aefd7744595fa07aa30d29ea0a158e0ed371562,BINANCE:BTCUSDT,30,BINANCE:BTCUSDT,30,2025-01-01T00:00:00+00:00,2026-07-02T13:00:00+00:00,26283,1,1,,1,1,1,26284,1,,0,1.141,0.0434,7,26283,1.0,1.0,HalfTrend,1.0,0.005,0.0,0.0,0.0,1.0,,,,,,,,,,,,,,,,,,,,,,,,0,,,0,,ok,,2026-07-28
PUB;WvWdhArzmm2x97mJFkWyG9SMvGxDHMRR,indicator,Linear Regression Channel / Curve / Slope by DGT,dgtrd,5a106d463882a40c3e3247b74180638b4025e60e9dc24570e84de5c4794fb60f,BINANCE:BTCUSDT,30,BINANCE:BTCUSDT,30,2025-01-01T00:00:00+00:00,2026-07-06T08:00:00+00:00,26465,1,1,,1,1,1,26466,1,,0,5.2,0.1965,10,26465,1.0,1.0,LRC,1.0,0.004988,0.0,0.0,0.0,1.0,,,,,,,,,,,,,,,,,,,,,,,,0,,,0,,ok,,2026-07-28
PUB;bf93981b780443dfaa54f41b6e654aeb,indicator,Liquidation Reversal Signals [AlgoAlpha],AlgoAlpha,eec8a2262990f1a9fdd35f174f8d0454046aae858ec21de898e80932fabbee8e,BINANCE:BTCUSDT,30,BINANCE:BTCUSDT,30,2025-01-01T00:00:00+00:00,2026-07-06T08:00:00+00:00,26465,1,1,,1,1,1,26466,1,,0,8.106,0.3063,7,26465,1.0,1.0,Mid Body,1.0,0.005,0.0,0.0,0.0,1.0,,,,,,,,,,,,,,,,,,,,,,,,0,1,"[{""symbol"": ""BINANCE:BTCUSDT"", ""timeframe"": ""15"", ""from"": ""2025-05-01T00:00:00+00:00"", ""to"": ""2026-07-06T08:15:00+00:00"", ""bars"": 41410}]",0,,ok,,2026-07-28
PUB;e253a5781ec44fa1bc2a0976504bb9b5,indicator,Liquidity Grabs | Flux Charts,fluxchart,090507d8884cf3ba6b7c0d05d0a26ff313e5e175cd0ed0c1b17cf99f21bf4acf,BINANCE:BTCUSDT,30,BINANCE:BTCUSDT,30,2025-01-01T00:00:00+00:00,2026-07-04T17:30:00+00:00,26388,1,1,,1,1,1,26389,1,,0,0.888,0.0337,6,26388,1.0,1.0,Buyside Liq Grab Small,1.0,0.0,0.0,0.0,0.0,1.0,,,,,,,,,,,,,,,,,,,,,,,,0,,,0,,ok,,2026-07-28
PUB;542384a637de43638188885945527de4,indicator,Liquidity Sweep Filter [AlgoAlpha],AlgoAlpha,1067111437eed3de990ee51c13fd47bf6552e05b90e0a3cda028407699b5fe84,BINANCE:BTCUSDT,30,BINANCE:BTCUSDT,30,2025-01-01T00:00:00+00:00,2026-07-06T08:30:00+00:00,26466,1,1,,1,1,1,26467,1,,0,27.638,1.0443,8,26466,1.0,1.0,Downtrend Line,1.0,0.005,0.0,0.0,0.0,1.0,,,,,,,,,,,,,,,,,,,,,,,,0,,,0,,ok,,2026-07-28
PUB;b686d2ef0ab0401cb51185d433669d2c,indicator,Liquidity Thermal Map [BigBeluga],BigBeluga,908fc236454b309b0c2ea396efdb950a89e1b4b9e246df99623367b26533a20a,BINANCE:BTCUSDT,30,BINANCE:BTCUSDT,30,2025-01-01T00:00:00+00:00,2026-07-06T09:00:00+00:00,26467,1,1,,1,1,1,1500,1,,0,3.47,2.3131,32,1500,1.0,0.800667,Plot,1.0,0.000484,0.0,0.0,0.0,1.0,,,,,,,,,,,,,,,,,,,,,,,,0,,,0,,ok,,2026-07-28
PUB;bab4ed662c7348e78341110edaffaacb,indicator,Market Shift Levels [ChartPrime],ChartPrime,2d1571387dca11a1c44d911c2b94ab751feeddf22921b23ced1a2adf434f2d6f,BINANCE:BTCUSDT,30,BINANCE:BTCUSDT,30,2025-01-01T00:00:00+00:00,2026-07-01T06:30:00+00:00,26222,1,1,,1,1,1,26223,1,,0,0.786,0.03,1,26222,1.0,1.0,Market Shift Levels,1.0,0.0,0.0,0.0,0.0,1.0,,,,,,,,,,,,,,,,,,,,,,,,0,,,0,,ok,,2026-07-28
PUB;20572cf632f4435b9eb2a5551b4f5768,indicator,Market Structure Dashboard | Flux Charts,fluxchart,776a7a72d0b785de22f8b049488d9e2ef099401c7d7aae7a37d51809950db899,BINANCE:BTCUSDT,30,BINANCE:BTCUSDT,30,2025-01-01T00:00:00+00:00,2026-07-04T17:00:00+00:00,26387,1,1,,1,1,1,26388,1,,0,14.984,0.5678,1,26387,,,,,,,,,,,,,,,,,,,,,,,,,,,,,,,,,1,5,"[{""symbol"": ""BINANCE:BTCUSDT"", ""timeframe"": ""D"", ""from"": ""2019-07-12T00:00:00+00:00"", ""to"": ""2026-07-04T00:00:00+00:00"", ""bars"": 2550}, {""symbol"": ""BINANCE:BTCUSDT"", ""timeframe"": ""W"", ""from"": ""2017-08-14T00:00:00+00:00"", ""to"": ""2026-06-29T00:00:00+00:00"", ""bars"": 464}, {""symbol"": ""BINANCE:BTCUSDT"", ""timeframe"": ""M"", ""from"": ""2022-12-01T00:00:00+00:00"", ""to"": ""2026-07-01T00:00:00+00:00"", ""bars"": 1146}, {""symbol"": ""BINANCE:BTCUSDT"", ""timeframe"": ""60"", ""from"": ""2024-10-09T16:00:00+00:00"", ""to"": ""2026-07-04T17:00:00+00:00"", ""bars"": 15194}, {""symbol"": ""BINANCE:BTCUSDT"", ""timeframe"": ""240"", ""from"": ""2024-02-02T16:00:00+00:00"", ""to"": ""2026-07-04T16:00:00+00:00"", ""bars"": 5299}]",0,,ok,,2026-07-28
PUB;d7963fa132134e1faf23f3856e963b99,indicator,Momentum Shift [Bigbeluga],BigBeluga,462f46b3c58faf7b696c841f2b823d52655638f3e5fd38a4080f9d162f587b16,BINANCE:BTCUSDT,30,BINANCE:BTCUSDT,30,2025-01-01T00:00:00+00:00,2026-07-04T17:30:00+00:00,26388,1,1,,1,1,1,26389,1,,0,2.657,0.1007,2,26388,1.0,1.0,Plot,1.0,0.000476,0.0,0.0,0.0,1.0,,,,,,,,,,,,,,,,,,,,,,,,0,,,0,,ok,,2026-07-28
PUB;dad326b624514b14aa513fce0b1dd803,indicator,Moving Average Shift [ChartPrime],ChartPrime,e1c4dfdbae56c9e653ce172b88bcfddfe7f78135f83c3a30600916251972adc0,BINANCE:BTCUSDT,30,BINANCE:BTCUSDT,30,2025-01-01T00:00:00+00:00,2026-07-01T06:30:00+00:00,26222,1,1,,1,1,1,26223,1,,0,6.705,0.2557,8,26222,1.0,0.999814,SMA-based MA,1.0,0.005,4e-06,0.0,0.0,1.0,,,,,,,,,,,,,,,,,,,,,,,,0,,,0,,ok,,2026-07-28
PUB;c1afbad74e454904b0943f1bb287362d,indicator,Multitimeframe Fair Value Gap – FVG (Zeiierman),Zeiierman,773f381e5266d9059f9753941825554da8f8e5b973f1dd6a151b6286b60913ba,BINANCE:BTCUSDT,30,BINANCE:BTCUSDT,30,2025-01-01T00:00:00+00:00,2026-07-04T17:30:00+00:00,26388,1,1,,1,1,1,26389,1,,0,12.469,0.4725,2,26388,1.0,1.0,FVG Trend Filter,1.0,0.005,0.0,0.0,0.0,1.0,,,,,,,,,,,,,,,,,,,,,,,,1,0,,0,,ok,,2026-07-28
PUB;f06a247400ea45fc86ac66c77c2d9b5a,indicator,Next Candle Predictor,PredictaFutures,2e32baaba74bc070b310374bdc70ce4c8a14e6ade7b98a5d766288aab59e9f53,BINANCE:BTCUSDT,30,BINANCE:BTCUSDT,30,2025-01-01T00:00:00+00:00,2026-07-07T16:30:00+00:00,26530,1,1,,1,1,1,26531,1,,0,2.743,0.1034,8,26530,1.0,1.0,Predicta Trend,1.0,0.005,0.0,0.0,0.0,1.0,,,,,,,,,,,,,,,,,,,,,,,,0,,,0,,ok,,2026-07-28
PUB;97xDaOdATRk86n6GcHQWebnIoVIzjD8e,indicator,Nick Rypock Trailing Reverse (NRTR),everget,2663e8d20df8e24f197107d465cc57b918d76733889d781d585b17470888dd6d,BINANCE:BTCUSDT,30,BINANCE:BTCUSDT,30,2025-01-01T00:00:00+00:00,2026-07-02T13:00:00+00:00,26283,1,1,,1,1,1,26284,1,,0,0.77,0.0293,7,26283,1.0,1.0,Long Stop,1.0,0.005,0.0,0.0,0.0,1.0,,,,,,,,,,,,,,,,,,,,,,,,0,,,0,,ok,,2026-07-28
PUB;d51310cecb9d406bbd144b864297c28a,indicator,ORB Algo | Flux Charts,fluxchart,1f445065638a00d9e1019026793f3406bff528e7ff0875fecceaed827014d26c,NASDAQ:AAPL,5,NASDAQ:AAPL,5,2025-07-14T13:30:00+00:00,2026-07-27T19:10:00+00:00,108933,1,1,,1,1,1,20278,1,,0,0.952,0.047,11,20277,,,,,,,,,,,,,,,,,,,,,,,,,,,,,,,,,0,,,0,,ok,,2026-07-28
PUB;IyhtPoGIPyhxhxX2J48GfYxxKX1WKE5B,indicator,Parabolic SAR,everget,eccc009203a6388a5efa1f63467a5b8a64dab9351655b45e521a4f697d6da4ef,BINANCE:BTCUSDT,30,BINANCE:BTCUSDT,30,2025-01-01T00:00:00+00:00,2026-07-04T17:30:00+00:00,26388,1,1,,1,1,1,26389,1,,0,0.749,0.0284,6,26388,1.0,1.0,PSAR,1.0,0.005,0.0,0.0,0.0,1.0,,,,,,,,,,,,,,,,,,,,,,,,0,,,0,,ok,,2026-07-28
PUB;1fc29950178c42a1a88f52a18161dd53,indicator,Precision Sniper [WillyAlgoTrader],WillyAlgoTrader,d6de1eafc4309bd64ad8214e28f29e141c3f41d9e8afe56c98ac5926b3b1bbb0,BINANCE:BTCUSDT,30,BINANCE:BTCUSDT,30,2025-01-01T00:00:00+00:00,2026-07-02T13:00:00+00:00,26283,1,1,,1,1,1,26284,1,,0,3.402,0.1295,3,26283,1.0,1.0,EMA Fast,1.0,0.005,0.0,0.0,0.0,1.0,,,,,,,,,,,,,,,,,,,,,,,,1,0,,0,,ok,,2026-07-28
PUB;ZGFHCMyX9M60JbFJrfsgxUjGrUYtSlLg,indicator,QQE MOD,Mihkel00,3618fcc7662d0e31acbf703321c1b920eab0f7b31d62c32b9521b291af9946bf,BINANCE:BTCUSDT,30,BINANCE:BTCUSDT,30,2025-01-01T00:00:00+00:00,2026-07-02T13:00:00+00:00,26283,1,1,,1,1,1,26284,1,,0,1.19,0.0453,4,26283,0.996453,0.999952,Secondary QQE Trend Line,0.990709,20.877822,427.973117,0.0,0.0,0.996732,1735768800,,,,,,,,,,,,,,,,,,,,,,,0,,,0,,ok,,2026-07-28
PUB;2852,indicator,RCI3lines,gero,39cff9a308d71823c5b625ed311acf7a19add6cd87d7bdfc73694840fefa5c5c,BINANCE:BTCUSDT,30,BINANCE:BTCUSDT,30,2025-01-01T00:00:00+00:00,2026-07-06T08:30:00+00:00,26466,1,1,,1,1,1,26458,1,,0,9.32,0.3522,3,26457,1.0,1.0,RCI short,1.0,0.0,0.0,0.0,0.0,1.0,,,,,,,,,,,,,,,,,,,,,,,,0,,,0,,ok,,2026-07-28
PUB;6fa55b95157643f79a4283ecd73384e8,indicator,RSI Entry Engine,trade_w_samet,dabff025740c05ba9c6f9d507ae3bb66256f4fed532a04f155d15536f2eda6b5,BINANCE:BTCUSDT,30,BINANCE:BTCUSDT,30,2025-01-01T00:00:00+00:00,2026-07-07T16:30:00+00:00,26530,1,1,,1,1,1,26531,1,,0,1.406,0.053,2,26530,1.0,1.0,RSI,1.0,0.0,0.0,0.0,0.0,1.0,,,,,,,,,,,,,,,,,,,,,,,,0,,,0,,ok,,2026-07-28
PUB;cf6dc608d8cd496caa1d4e2d90b26243,indicator,RSI Momentum Divergence Zones [ChartPrime],ChartPrime,05d977f3567a03b76ba8171fa55b4d69b38de1a488e916f8705393859422c9de,BINANCE:BTCUSDT,30,BINANCE:BTCUSDT,30,2025-01-01T00:00:00+00:00,2026-07-06T08:30:00+00:00,26466,1,1,,1,1,1,26467,1,,0,1.812,0.0685,12,26466,1.0,1.0,RSI,1.0,0.0,0.0,0.0,0.0,1.0,,,,,,,,,,,,,,,,,,,,,,,,0,,,0,,ok,,2026-07-28
PUB;ZkkLVEb1akK56dmIifnUtR2SMDgJ4dqM,indicator,RSI Support & Resistance by DGT,dgtrd,87653c5d764803950b377c86dbac6b7e68a62dca95f7190d601283d1f6b5de31,BINANCE:BTCUSDT,30,BINANCE:BTCUSDT,30,2025-01-01T00:00:00+00:00,2026-07-01T06:30:00+00:00,26222,1,1,,1,1,1,26223,1,,0,1.671,0.0637,13,26222,1.0,1.0,RSI Overbought Crossover Level,1.0,0.005,0.0,0.0,0.0,1.0,,,,,,,,,,,,,,,,,,,,,,,,0,,,0,,ok,,2026-07-28
PUB;1f0519dd185c43769823a780c52510a5,indicator,SSL HYBRID Advanced,traderharikrishna,cab649337b2505421fa3c61ce46226711cbb7927b59b09193965b96812eb8c35,BINANCE:BTCUSDT,30,BINANCE:BTCUSDT,30,2025-01-01T00:00:00+00:00,2026-07-07T16:30:00+00:00,26530,1,1,,1,1,1,26531,1,,0,8.935,0.3368,26,26530,0.999278,0.999588,ADX Cross,0.91784,1.0,1.0,0.0,0.0,0.999498,1736539200,,,,,,,,,,,,,,,,,,,,,,,1,0,,0,,ok,,2026-07-28
PUB;ZytqOjqg7LTtinPoslFgHUVp4BE0tgdZ,indicator,SSL Hybrid,Mihkel00,471dff1bd64611661228ff6d475ac08b354299a663d5e215517b095b70292856,BINANCE:BTCUSDT,30,BINANCE:BTCUSDT,30,2025-01-01T00:00:00+00:00,2026-07-02T13:00:00+00:00,26283,1,1,,1,1,1,26284,1,,0,2.313,0.088,9,26283,1.0,1.0,Baseline,1.0,0.005002,0.0,0.0,0.0,1.0,,,,,,,,,,,,,,,,,,,,,,,,0,,,0,,ok,,2026-07-28
PUB;0f80bcf05d544d4c98fde06faab1c976,indicator,Self-Aware Trend System [WillyAlgoTrader],WillyAlgoTrader,a5960a191657eeeaab94cc56cd6d041e65d19dc5845614ff6e9529944cb3a634,BINANCE:BTCUSDT,30,BINANCE:BTCUSDT,30,2025-01-01T00:00:00+00:00,2026-07-02T13:00:00+00:00,26283,1,1,,1,1,1,26284,1,,0,4.392,0.1671,1,26283,1.0,1.0,SuperTrend,1.0,0.005186,0.0,0.0,0.0,1.0,,,,,,,,,,,,,,,,,,,,,,,,0,,,0,,ok,,2026-07-28
PUB;acf8d4d6d2c94af0a06278acfdb750c4,indicator,Signal Forge [LuxAlgo],LuxAlgo,f414423bf277ba5fb3f2858bc45dca9f3dfb73ce6ac8b34af1337e583ee0ffbf,BINANCE:BTCUSDT,30,BINANCE:BTCUSDT,30,2025-01-01T00:00:00+00:00,2026-07-06T08:30:00+00:00,26466,1,1,,1,1,1,26467,1,,0,3.244,0.1226,12,26466,1.0,1.0,Long Glow 1,1.0,0.004989,0.0,0.0,0.0,1.0,,,,,,,,,,,,,,,,,,,,,,,,0,,,0,,ok,,2026-07-28
PUB;f2a1a82b1a4741e0a217433d9cc9398f,indicator,Smart Money Breakout Signals [AlgoAlpha],AlgoAlpha,4b741287458c4a449e575522ac227a46459b92dc58f9dc89d2a1b0775d9f218e,BINANCE:BTCUSDT,30,BINANCE:BTCUSDT,30,2025-01-01T00:00:00+00:00,2026-07-04T17:30:00+00:00,26388,1,1,,1,1,1,26389,1,,0,0.924,0.035,2,26388,1.0,1.0,Bullish Signal,1.0,0.0,0.0,0.0,,1.0,,,,,,,,,,,,,,,,,,,,,,,,0,,,0,,ok,,2026-07-28
PUB;nlyrgnVJ8Zrisan2g01Sfv5x9RBKvpPL,indicator,SuperTrend,everget,50865e653525728caf717f962855eae10f1bf4d3651c1157e316646a3376ebe4,BINANCE:BTCUSDT,30,BINANCE:BTCUSDT,30,2025-01-01T00:00:00+00:00,2026-07-02T13:00:00+00:00,26283,1,1,,1,1,1,26284,1,,0,0.884,0.0336,7,26283,1.0,1.0,Long Stop,1.0,0.005,0.0,0.0,0.0,1.0,,,,,,,,,,,,,,,,,,,,,,,,0,,,0,,ok,,2026-07-28
PUB;47728a39dfea457aa07a603d40fbfa37,indicator,SuperTrend + Relative Volume (Kernel Optimized),fluxchart,127a082464864496b4e82dcab0f0bef7bdfc668cea8f0d8ca26296d0b5209d2c,BINANCE:BTCUSDT,30,BINANCE:BTCUSDT,30,2025-01-01T00:00:00+00:00,2026-07-02T13:00:00+00:00,26283,1,1,,1,1,1,26284,1,,0,6.965,0.265,5,26283,1.0,1.0,Up direction,1.0,0.005,0.0,0.0,0.0,1.0,,,,,,,,,,,,,,,,,,,,,,,,0,0,,0,,ok,,2026-07-28
PUB;dd048626775f4320945bb6cef5bad0cf,indicator,Support and Resistance (MTF) | Flux Charts,fluxchart,9eb2a31a18f7448bbea4a499b8c8282b5a92ee78c3f25949e59468d13ce85f69,BINANCE:BTCUSDT,30,BINANCE:BTCUSDT,30,2025-01-01T00:00:00+00:00,2026-07-02T13:00:00+00:00,26283,1,1,,1,1,1,26284,1,,0,0.963,0.0366,0,0,,,,,,,,,,,,,,,,,,,,,,,,,,,,,,,,,1,0,,0,,ok,,2026-07-28
PUB;e4d25a95abea4ff1b2730bdac4cf0aca,indicator,Swing Data - ADR% / RVol / PVol / Float % / Avg $ Vol,jfsrev,b44136ce3ca1f6e2646079eb2c2d8c2d0b427f2fa508b2bb459103e25de291dd,BINANCE:BTCUSDT,30,BINANCE:BTCUSDT,30,2025-01-01T00:00:00+00:00,2026-07-10T08:00:00+00:00,26657,1,1,,1,0,1,0,1,,0,8.708,,,,,,,,,,,,,,,,,,,,,,,,,,,,,,,,,,,,1,4,"[{""symbol"": ""BINANCE:BTCUSDT"", ""timeframe"": ""W"", ""from"": ""2017-08-14T00:00:00+00:00"", ""to"": ""2026-07-06T00:00:00+00:00"", ""bars"": 465}, {""symbol"": ""SP:SPX"", ""timeframe"": ""D"", ""from"": ""2024-12-31T14:30:00+00:00"", ""to"": ""2026-07-09T13:30:00+00:00"", ""bars"": 556}, {""symbol"": ""BINANCE:BTCUSDT"", ""timeframe"": ""D"", ""from"": ""2022-12-31T00:00:00+00:00"", ""to"": ""2026-07-10T00:00:00+00:00"", ""bars"": 1288}, {""symbol"": ""SPY"", ""timeframe"": ""D"", ""from"": ""2019-07-12T13:30:00+00:00"", ""to"": ""2026-07-09T13:30:00+00:00"", ""bars"": 58650}]",0,,ok,,2026-07-28
PUB;f8ca6c42838a4cc5b2123e0fdab76f0b,indicator,Swing Profile [BigBeluga],BigBeluga,9cfba1062312223a0d52b7cb52996dfbb4298d37ed08cb5f8a03ee13635bdc65,BINANCE:BTCUSDT,30,BINANCE:BTCUSDT,30,2025-01-01T00:00:00+00:00,2026-06-28T19:30:00+00:00,26104,1,1,,1,0,1,0,1,,0,0.509,0.2546,,,,,,,,,,,,,,,,,,,,,,,,,,,,,,,,,,,0,,,0,,ok,,2026-07-28
PUB;eNbFyHDmTIdGB7PEd6YGhJno5zhtmJdM,indicator,Technical Ratings,TradingView,64cb84fb8aa6998ab5c228c72656607d1b2d07c868709cb41beace3328dc9f10,BINANCE:BTCUSDT,30,BINANCE:BTCUSDT,30,2025-01-01T00:00:00+00:00,2026-07-07T16:30:00+00:00,26530,1,1,,1,1,1,26531,1,,0,8.464,0.319,8,26530,0.999968,1.0,Oscillators,0.999925,0.090909,1.0,0.000271,0.000554,0.999988,1745827200,,,,,,,,,,,,,,,,,,,,,,,1,0,,0,,ok,,2026-07-28
PUB;2c5c233f31444ce19b94f975d981fb2a,indicator,Trend Duration Forecast [ChartPrime],ChartPrime,e2e50c664a557dd03fd0de93ed627e6d69a73d0f758730c52ebe357d736098fb,BINANCE:BTCUSDT,30,BINANCE:BTCUSDT,30,2025-01-01T00:00:00+00:00,2026-07-01T06:30:00+00:00,26222,1,1,,1,1,1,26223,1,,0,0.93,0.0355,1,26222,1.0,1.0,HMA,1.0,0.005,0.0,0.0,0.0,1.0,,,,,,,,,,,,,,,,,,,,,,,,0,,,0,,ok,,2026-07-28
PUB;92ff5628d7c643419a350022e0e3866c,indicator,Trend Targets [AlgoAlpha],AlgoAlpha,71dde6c88d02556055c96f4296de41d8fbccce195dfeab2a05da230d51ccd492,BINANCE:BTCUSDT,30,BINANCE:BTCUSDT,30,2025-01-01T00:00:00+00:00,2026-07-02T13:00:00+00:00,26283,1,1,,1,1,1,26284,1,,0,1.134,0.0431,5,26283,1.0,1.0,Bullish Rejection,1.0,0.004999,0.0,0.0,0.0,1.0,,,,,,,,,,,,,,,,,,,,,,,,0,,,0,,ok,,2026-07-28
PUB;ccc1c01351094ad0b42e46e285b501d5,indicator,Ultimate Opening Range Breakout [LuxAlgo],LuxAlgo,65caa0037c6a67dfc8c6ac22cefae2e63010c4257957d40f644eab85c445d1fc,BINANCE:BTCUSDT,30,BINANCE:BTCUSDT,30,2025-01-01T00:00:00+00:00,2026-07-04T17:30:00+00:00,26388,1,1,,1,1,1,26389,1,,0,2.403,0.0911,10,26388,1.0,1.0,OR High,1.0,0.0,0.0,0.0,0.0,1.0,,,,,,,,,,,,,,,,,,,,,,,,0,,,0,,ok,,2026-07-28
PUB;b561ac4b0cde418a8867032604f4d41d,indicator,Volumatic Support/Resistance Levels [BigBeluga],BigBeluga,33f55c1e79db9132739a0d1fe4da438908ceefeef53eb1a1b784c77ab8ba57d9,BINANCE:BTCUSDT,30,BINANCE:BTCUSDT,30,2025-01-01T00:00:00+00:00,2026-07-07T16:30:00+00:00,26530,1,1,,1,1,1,26531,1,,0,3.985,0.1502,10,26530,1.0,1.0,Resistance,1.0,0.005004,0.0,0.0,0.0,1.0,,,,,,,,,,,,,,,,,,,,,,,,0,,,0,,ok,,2026-07-28
PUB;04a9de6fcdeb4a34b6c82bf53358fdae,indicator,Volumatic Variable Index Dynamic Average [BigBeluga],BigBeluga,44220518231ffaec6c7f44b414e6d375cbd453c9733c49f65de4dff736d2c34b,BINANCE:BTCUSDT,30,BINANCE:BTCUSDT,30,2025-01-01T00:00:00+00:00,2026-07-02T13:00:00+00:00,26283,1,1,,1,1,1,26284,1,,0,8.185,0.3114,4,26283,1.0,1.0,Plot,1.0,0.005,0.0,0.0,0.0,1.0,,,,,,,,,,,,,,,,,,,,,,,,0,,,0,,ok,,2026-07-28
PUB;cfca07f0a2f3477fb331e22737f72562,indicator,Volume Order Blocks [BigBeluga],BigBeluga,6b77bee25441f10db5a16214af297945028a2a9875fef6f5a35d20d20038ce54,BINANCE:BTCUSDT,30,BINANCE:BTCUSDT,30,2025-01-01T00:00:00+00:00,2026-07-01T06:30:00+00:00,26222,1,1,,1,1,1,26223,1,,0,1.37,0.0523,2,26222,1.0,1.0,,1.0,0.005,0.0,0.0,0.0,1.0,,,,,,,,,,,,,,,,,,,,,,,,0,,,0,,ok,,2026-07-28
PUB;3d8b91f226af41dfa36df2db1c21ae80,indicator,"Volume Profile, Pivot Anchored by DGT",dgtrd,6b9daaa8885acd66c31180a7db317fd54b4622a69627794a0aa8628a6a799083,BINANCE:BTCUSDT,30,BINANCE:BTCUSDT,30,2025-01-01T00:00:00+00:00,2026-07-02T13:00:00+00:00,26283,1,1,,1,1,1,26284,1,,0,1.753,0.0667,0,0,,,,,,,,,,,,,,,,,,,,,,,,,,,,,,,,,0,,,0,,ok,,2026-07-28
PUB;fd4b548a723d48118abc341a0a20c579,indicator,Volume Sentiment Breakout Channels [AlgoAlpha],AlgoAlpha,da9f35b529df5cfc49bdf01daaf5db06b94ec5285931c667cb3347d5c48eb6f5,BINANCE:BTCUSDT,30,BINANCE:BTCUSDT,30,2025-01-01T00:00:00+00:00,2026-07-06T08:30:00+00:00,26466,1,1,,1,1,1,26467,1,,0,5.708,0.2157,5,26466,1.0,1.0,Plot,1.0,0.005,0.0,0.0,0.0,1.0,,,,,,,,,,,,,,,,,,,,,,,,0,,,0,,ok,,2026-07-28
PUB;b96fdd470dac47d1a227d8aae88bdbb4,indicator,Volume SuperTrend AI (Expo),Zeiierman,539c15a9ef3c5161e71e8996f768f7570e0f4506b4c77ceba720b7f09124d347,BINANCE:BTCUSDT,30,BINANCE:BTCUSDT,30,2025-01-01T00:00:00+00:00,2026-07-04T17:30:00+00:00,26388,1,1,,1,1,1,26389,1,,0,1.824,0.0691,12,26388,1.0,1.0,Volume Super Trend AI,1.0,0.007297,0.0,0.0,0.0,1.0,,,,,,,,,,,,,,,,,,,,,,,,0,,,0,,ok,,2026-07-28
PUB;1505,indicator,[RS]Support and Resistance V0,RicardoSantos,f3662cafb61168ebf0c172c7c22f6f21d37a9ff2ae6880543924e9f157667597,BINANCE:BTCUSDT,30,BINANCE:BTCUSDT,30,2025-01-01T00:00:00+00:00,2026-07-02T13:00:00+00:00,26283,1,1,,1,1,1,26227,1,,0,1.392,0.053,8,26226,1.0,1.0,STR,1.0,0.005,0.0,0.0,0.0,1.0,,,,,,,,,,,,,,,,,,,,,,,,0,,,0,,ok,,2026-07-28
PUB;84714f0c902d48b2a2bad5a147eca230,strategy,ATR Trend Strategy with Moving Average | Fixed TP/SL version,lahonglam,e648053886d85db61c396532ac6d8286a4d4ce2561e9382832d6fef96dce3690,BINANCE:BTCUSDT,30,BINANCE:BTCUSDT,30,2025-01-01T00:00:00+00:00,2026-07-05T17:00:00+00:00,26435,1,1,,1,1,1,26436,1,,1,4.101,0.1552,13,26435,1.0,1.0,MA Line,1.0,0.005,0.0,0.0,0.0,1.0,,,,,103,103,1.0,1.0,1.0,0,0,281.2135,281.12556,1,2.812135,2.81,1,,,,,,,0,1,"[{""symbol"": ""BINANCE:BTCUSDT"", ""timeframe"": ""30"", ""from"": ""2025-01-01T00:00:00+00:00"", ""to"": ""2026-07-05T17:00:00+00:00"", ""bars"": 26435}]",0,,ok,,2026-07-28
PUB;fbbd9f9e8e164418b7b4ab2558f04376,strategy,Adaptive Fibonacci Pullback System -FibonacciFlux,FibonacciFlux,8a022564d6f1372a27bc9209d9da02442cb07b11be3c99574c343a2f2b085ce9,BINANCE:BTCUSDT,30,BINANCE:BTCUSDT,30,2025-01-01T00:00:00+00:00,2026-07-08T05:00:00+00:00,26555,1,1,,1,1,1,26556,1,,1,17.445,0.6569,17,26555,1.0,1.0,Average Supertrend,1.0,0.005,0.0,0.0,0.0,1.0,,,,,166,166,1.0,1.0,1.0,0,0,46.125782,46.111951,1,0.461258,0.46112,1,,,,,,,1,2,"[{""symbol"": ""BINANCE:BTCUSDT"", ""timeframe"": ""60"", ""from"": ""2024-10-09T16:00:00+00:00"", ""to"": ""2026-07-08T05:00:00+00:00"", ""bars"": 15278}, {""symbol"": ""BINANCE:BTCUSDT"", ""timeframe"": ""1"", ""from"": ""2026-04-29T19:31:00+00:00"", ""to"": ""2026-07-08T05:29:00+00:00"", ""bars"": 99959}]",0,,ok,,2026-07-28
PUB;77839ca577044cf398b8af0ff29e9ab9,strategy,Adaptive Trend Flow Strategy with Filters for SPX,PineIndicators,ddad0597b6eb97e737bcabd85c9f3e3b4b0fdb69c4990d748c63dad25edf3786,BINANCE:BTCUSDT,30,BINANCE:BTCUSDT,30,2025-01-01T00:00:00+00:00,2026-07-06T12:30:00+00:00,26474,1,1,,1,1,1,26475,1,,1,1.297,0.049,5,26474,1.0,1.0,Plot,1.0,0.006767,0.0,0.0,0.0,1.0,,,,,1717,1717,1.0,1.0,1.0,0,0,-987.6249,-987.62489,1,-98.76249,-98.762489,1,,,,,,,0,,,0,,ok,,2026-07-28
PUB;fd7c447b07684e189be7dcf52951bde1,strategy,Backtest Template [Backtest Terminal],BacktestTerminal,4fe5b66e93bf89c7a3696872c41ac58ecd9611718c6dc81d935b4753b719c541,BINANCE:BTCUSDT,30,BINANCE:BTCUSDT,30,2025-01-01T00:00:00+00:00,2026-07-08T05:00:00+00:00,26555,1,1,,1,1,1,26556,1,,1,2.183,0.0822,17,26555,1.0,1.0,Fast MA,1.0,0.005,0.0,0.0,0.0,1.0,,,,,625,625,1.0,1.0,1.0,0,0,8678.04,8671.72,1,86.7804,86.7172,1,,,,,,,0,,,0,,ok,,2026-07-28
PUB;99f259d6c6cd40bcbd24b4efb48e7765,strategy,Bollinger Bands Mean Reversion using RSI [Krishna Peri],thechadyogi,ebd8429d17661f49e43f0091c1b2866e5bbd447c582ea80b243aee33fe4c4cb0,BINANCE:BTCUSDT,30,BINANCE:BTCUSDT,30,2025-01-01T00:00:00+00:00,2026-07-08T15:00:00+00:00,26575,1,1,,1,1,1,26557,1,,1,0.892,0.0336,3,26556,1.0,1.0,Middle BB,1.0,0.005,0.0,0.0,0.0,1.0,,,,,635,635,1.0,1.0,1.0,0,0,-21432.31,-21432.31,1,-2.143231,-2.14,1,,,,,,,0,,,0,,ok,,2026-07-28
PUB;d62cba5b86ab48c9a7ed1782a9728beb,strategy,Crossing Moving Averages with ADX Filter),BangtheClose,f622a9dfc441be7cbafac31402d23cf7aaada008479644abbcc296285312f289,BINANCE:BTCUSDT,30,BINANCE:BTCUSDT,30,2025-01-01T00:00:00+00:00,2026-07-08T05:30:00+00:00,26556,1,1,,1,1,1,26537,1,,1,0.919,0.0346,2,26537,1.0,1.0,Fast MA,1.0,0.005,0.0,0.0,0.0,1.0,,,,,255,255,1.0,1.0,1.0,0,0,-12648.7,-12648.7,1,-1.26487,-1.26,1,,,,,,,0,,,0,,ok,,2026-07-28
PUB;0338cbd8417445d2a46bfdebfd1db51d,strategy,DEMA ATR Strategy [PrimeAutomation],ChartPrime,4c4599f46aaef42b2116fbbf48037ceb7d7a9c4b7ceee7c39478dd9bc7c4d53e,BINANCE:BTCUSDT,30,BINANCE:BTCUSDT,30,2025-01-01T00:00:00+00:00,2026-07-02T13:00:00+00:00,26283,1,1,,1,1,1,26284,1,,1,13.097,0.4983,8,26283,1.0,1.0,TP1 Long,1.0,0.005,0.0,0.0,0.0,1.0,,,,,499,499,1.0,1.0,1.0,0,0,-39.564724,-39.272152,1,-0.395647,-0.39,1,,,,,,,1,1,"[{""symbol"": ""BINANCE:BTCUSDT"", ""timeframe"": ""5"", ""from"": ""2025-07-20T07:40:00+00:00"", ""to"": ""2026-07-02T13:00:00+00:00"", ""bars"": 100001}]",0,,ok,,2026-07-28
PUB;87bbbf8970004e8eaa3e40ca35aa5042,strategy,Divergence IQ [TradingIQ],Trading-IQ,29d0716623776e807da0cbe152e01549767e119ee662d1c87fc1c4d899ba69b5,BINANCE:BTCUSDT,30,BINANCE:BTCUSDT,30,2025-01-01T00:00:00+00:00,2026-06-15T07:30:00+00:00,25456,1,1,,1,1,1,25457,1,,1,3.65,0.1434,28,25456,1.0,1.0,Plot,1.0,0.005,0.0,0.0,0.0,1.0,,,,,148,148,1.0,1.0,1.0,0,0,-5.902296,-5.902296,1,-0.59023,-0.59023,1,,,,,,,1,1,"[{""symbol"": ""BINANCE:BTCUSDT"", ""timeframe"": ""1"", ""from"": ""2026-04-06T21:20:00+00:00"", ""to"": ""2026-06-13T17:32:00+00:00"", ""bars"": 97693}]",0,,ok,,2026-07-28
PUB;82c506a954054e1185ed5f0486cb07fa,strategy,Divergence Strategy [Trendoscope®],Trendoscope,23eecca9f86579f09fdd57ed6a934c227701046a765a23531f61f1db9b3121d4,BINANCE:BTCUSDT,30,BINANCE:BTCUSDT,30,2025-01-01T00:00:00+00:00,2026-07-05T16:30:00+00:00,26434,1,1,,1,1,1,4985,1,,1,2.073,0.4146,1,4985,1.0,1.0,Oscillator,1.0,0.0,0.0,0.0,0.0,1.0,,,,,22,22,1.0,1.0,1.0,0,0,-17716.764,-17527.475,1,-1.771676,-1.75,1,,,,,,,0,,,0,,ok,,2026-07-28
PUB;4d376cfa9a1e4ecd959eeabca8e4b528,strategy,Double&Triple Pattern[TS_Indie],Truth_Strategy_Indie,07c71944d7a981081d7984602074b643360cdf4e9611b952b30b9c718595b5ec,BINANCE:BTCUSDT,30,BINANCE:BTCUSDT,30,2025-01-01T00:00:00+00:00,2026-07-02T12:30:00+00:00,26282,1,1,,1,1,1,26283,1,,1,3.026,0.1151,4,26282,1.0,1.0,Session New York,1.0,0.0,0.0,,,,,,,,22,22,1.0,1.0,1.0,0,0,18903.57,18903.57,1,18.90357,18.90357,1,,,,,,,0,,,0,,ok,,2026-07-28
PUB;ee0c3c9ccd634b8ba98ed98804081581,strategy,Dynamic Swing Anchored VWAP STRAT (Zeiierman/PineIndicators),PineIndicators,b96f89db0e102366cb1bed10f60e1e2dad04d62516ffd985c3ac4019b25ad1f5,BINANCE:BTCUSDT,30,BINANCE:BTCUSDT,30,2025-01-01T00:00:00+00:00,2026-07-01T14:00:00+00:00,26237,1,1,,1,1,1,0,1,,1,1.097,,,,,,,,,,,,,,,,,168,168,1.0,1.0,1.0,0,0,-8030.292,-8030.2918,1,-80.30292,-80.3,1,,,,,,,0,,,0,,ok,,2026-07-28
PUB;ab48700c1a8d4c4d96f6c9421e79a2c1,strategy,EMA Cross + RSI + ADX - Autotrade Strategy V2,varuns_back,df4165283e1021953e671ea1d46c5498b2c14dfddb58398604be3ffc5344a48f,BINANCE:DOGEUSDT,30,BINANCE:DOGEUSDT,30,2025-01-01T00:00:00+00:00,2026-07-27T18:30:00+00:00,27494,1,1,,1,1,1,27495,1,,1,1.096,0.0399,10,27494,1.0,1.0,EMA 9,1.0,0.0,0.0,0.0,0.0,1.0,,,,,486,486,1.0,1.0,1.0,0,0,1.2311,1.2311,1,0.12311,0.12311,1,,,,,,,0,,,0,,ok,,2026-07-28
PUB;57c657fed44c4cdb9ab493956f37ddbb,strategy,EMA Slope - RSI Oscillator Strategy,xvelox_,ef779506d305069da16f81b53cbcb85018a6bc7fb156dd9dfa00d93dafcc96ca,BINANCE:BTCUSDT,30,BINANCE:BTCUSDT,30,2025-01-01T00:00:00+00:00,2026-07-08T15:00:00+00:00,26575,1,1,,1,1,1,26576,1,,1,2.404,0.0905,8,26575,1.0,1.0,Diff MA,1.0,0.0,0.0,0.0,0.0,1.0,,,,,279,279,1.0,1.0,1.0,0,0,-3323.536,-3323.5359,1,-33.23536,-33.24,1,,,,,,,0,,,0,,ok,,2026-07-28
PUB;0fed071b69f742cab6345d74feae8b3b,strategy,"EWO,RSI advanced Signals Strategy - Exhaustion Filter",Pridarasx,cf1082c43a6e0f8cae3e8e3b01b883de2327586f3867c1e984e86d7d41ec7f33,BINANCE:ETHUSDT,60,BINANCE:ETHUSDT,60,2024-01-01T00:00:00+00:00,2026-07-27T17:00:00+00:00,22530,1,1,,1,1,1,22531,1,,1,1.164,0.0517,5,22530,1.0,1.0,Breakout Barrier,1.0,0.0,0.0,0.0,0.0,1.0,,,,,122,122,1.0,1.0,1.0,0,0,-2846.069,-2843.76,1,-28.46069,-28.44,1,,,,,,,0,,,0,,ok,,2026-07-28
PUB;d8dd3f4d4ce147bf89211ab5027b3108,strategy,Elite Strategy ,denismwabu1,8d87209fc624ad1b27398e5143ffd64818224c30611e6fe39dec890fb0d41b3b,BINANCE:BTCUSDT,30,BINANCE:BTCUSDT,30,2025-01-01T00:00:00+00:00,2026-07-09T21:30:00+00:00,26636,1,1,,1,1,1,26637,1,,1,22.535,0.8461,2,26636,1.0,1.0,Buy Arrow,1.0,0.0,0.0,0.0,,1.0,,,,,510,510,1.0,1.0,1.0,0,0,37.01126,37.011263,1,0.370113,0.37,1,,,,,,,1,6,"[{""symbol"": ""BINANCE:BTCUSDT"", ""timeframe"": ""1"", ""from"": ""2026-05-01T12:06:00+00:00"", ""to"": ""2026-07-09T21:59:00+00:00"", ""bars"": 99954}, {""symbol"": ""BINANCE:BTCUSDT"", ""timeframe"": ""5"", ""from"": ""2025-07-27T17:30:00+00:00"", ""to"": ""2026-07-09T21:55:00+00:00"", ""bars"": 99990}, {""symbol"": ""BINANCE:BTCUSDT"", ""timeframe"": ""15"", ""from"": ""2025-05-01T00:00:00+00:00"", ""to"": ""2026-07-09T21:45:00+00:00"", ""bars"": 41752}, {""symbol"": ""BINANCE:BTCUSDT"", ""timeframe"": ""60"", ""from"": ""2024-10-09T16:00:00+00:00"", ""to"": ""2026-07-09T21:00:00+00:00"", ""bars"": 15318}, {""symbol"": ""BINANCE:BTCUSDT"", ""timeframe"": ""240"", ""from"": ""2024-02-02T16:00:00+00:00"", ""to"": ""2026-07-09T20:00:00+00:00"", ""bars"": 5330}, {""symbol"": ""BINANCE:BTCUSDT"", ""timeframe"": ""D"", ""from"": ""2019-07-12T00:00:00+00:00"", ""to"": ""2026-07-09T00:00:00+00:00"", ""bars"": 2555}]",0,,ok,,2026-07-28
PUB;dd68c27f291742df9da173fa051c054f,strategy,Fabio Valentini Pro Scalper [PickMyTrade],PickMyTrade_Official,51c4a19753f419803e74604b4b9bbb877e733839d1cb5346fc12a41a8845758c,BINANCE:BTCUSDT,30,BINANCE:BTCUSDT,30,2025-01-01T00:00:00+00:00,2026-07-09T21:30:00+00:00,26636,1,1,,1,1,1,26637,1,,1,3.337,0.1253,16,26636,1.0,0.999977,VWAP,1.0,0.005013,0.0,0.0,0.0,1.0,,,,,1145,1145,1.0,1.0,1.0,0,0,61797.086,61797.086,1,61.797086,61.797086,1,,,,,,,0,,,0,,ok,,2026-07-28
PUB;f15d62d0386f4e1e91223a254fbe0a32,strategy,Fibonacci 5 Candles Retracement,Burdiga84,888612708dc6ccdc0a59ded2588f1c002a192a1ea158d9bed230f3513b1a25d4,BINANCE:BTCUSDT,30,BINANCE:BTCUSDT,30,2025-01-01T00:00:00+00:00,2026-07-02T10:00:00+00:00,26277,1,1,,1,1,1,0,1,,1,1.054,,,,,,,,,,,,,,,,,651,651,1.0,1.0,1.0,0,0,1652.0488,1652.0488,1,16.520488,16.520488,1,,,,,,,0,,,0,,ok,,2026-07-28
PUB;b960405e63e04d489a48ecb214f513c8,strategy,Fibonacci Trend Reversal Strategy,nioboi,613f955a6786c4181cee92f5888da0d59b7f670cdb5b16946ba3144ef555e5b7,BYBIT:WIFUSDT.P,5,BYBIT:WIFUSDT.P,5,2026-05-18T00:00:00+00:00,2026-07-27T19:20:00+00:00,20393,1,1,,1,1,1,20394,1,,1,3.393,0.1664,13,20393,1.0,1.0,Long,1.0,0.0,0.0,0.0,0.0,1.0,,,,,113,113,1.0,1.0,1.0,0,0,-0.040273,-0.040273,1,-0.004027,-0.004027,1,,,,,,,0,,,0,,ok,,2026-07-28
PUB;4871abe4dffc4e529cbb66dd0ad31641,strategy,Gaussian Channel Strategy,RezzoRedPriest,427fbb5c67f07ebd785e1014be3dc762fe31cec7d28e176e78feaecba54cdcfc,BINANCE:BTCUSDT,30,BINANCE:BTCUSDT,30,2025-01-01T00:00:00+00:00,2026-07-08T05:00:00+00:00,26555,1,1,,1,1,1,26556,1,,1,1.579,0.0595,3,26555,1.0,1.0,Filter,1.0,0.005,0.0,0.0,0.0,1.0,,,,,2189,2189,1.0,1.0,1.0,0,0,94563.54,94563.536,1,9.456354,9.46,1,,,,,,,0,,,0,,ok,,2026-07-28
PUB;4805911a4bba458eb8fe9301040b291e,strategy,Gradient Trend Filter STRATEGY [ChartPrime/PineIndicators],PineIndicators,001c07142e81a75a81bd2cef4b19f5d754e11ada741e4b873ed4a2bf2964e068,BINANCE:BTCUSDT,30,BINANCE:BTCUSDT,30,2025-01-01T00:00:00+00:00,2026-07-08T05:00:00+00:00,26555,1,1,,1,1,1,26556,1,,1,5.105,0.1922,9,26555,1.0,1.0,Filter,1.0,0.005,0.0,0.0,0.0,1.0,,,,,187,187,1.0,1.0,1.0,0,0,-3196.0176,-3196.0176,1,-31.960176,-31.960176,1,,,,,,,0,,,0,,ok,,2026-07-28
PUB;93eb5db950a8477ba3ccb213f6140cac,strategy,Hybrid: RSI + Breakout + Dashboard,RugSurvivor,0e241d67665a0b5ca7e703bab0bd5cf7cd120170a5de62804264e6795e1a9ced,BINANCE:BTCUSDT,30,BINANCE:BTCUSDT,30,2025-01-01T00:00:00+00:00,2026-07-01T16:30:00+00:00,26242,1,1,,1,1,1,26044,1,,1,1.387,0.0528,1,26043,1.0,1.0,200 EMA,1.0,0.004999,0.0,0.0,0.0,1.0,,,,,3095,3095,1.0,1.0,1.0,0,0,746370200.0,746370170.0,1,74637.02,74637.017,1,,,,,,,0,,,0,,ok,,2026-07-28
PUB;5a7853c5c47749ef929c2cf96672a45e,strategy,ICT Entry V1 [TS_Indie],Truth_Strategy_Indie,8545f8f6ba4c63ab2dfbb8326ae947a89fc1ec69fc1633a5d79792da86d41148,BINANCE:BTCUSDT,30,BINANCE:BTCUSDT,30,2025-01-01T00:00:00+00:00,2026-07-02T12:30:00+00:00,26282,1,1,,1,1,1,26283,1,,1,5.955,0.2266,9,26282,1.0,1.0,Session New York,1.0,0.0,0.0,0.0,0.0,1.0,,,,,5,5,1.0,1.0,1.0,0,0,-1332.09,-1332.09,1,-1.33209,-1.33209,1,,,,,,,0,,,0,,ok,,2026-07-28
PUB;8a84190f650940ad89a34c5f547d9e6a,strategy,ICT Entry V2 [TS_Indie],Truth_Strategy_Indie,6a3949604d04b4ad4e3c04f0cb99caeca342013d7647f6593782c4b8439f63ca,BINANCE:BTCUSDT,30,BINANCE:BTCUSDT,30,2025-01-01T00:00:00+00:00,2026-07-02T12:30:00+00:00,26282,1,1,,1,1,1,26283,1,,1,6.765,0.2574,9,26282,1.0,1.0,Session New York,1.0,0.0,0.0,0.0,0.0,1.0,,,,,14,14,1.0,1.0,1.0,0,0,3991.09,3991.09,1,3.99109,3.99109,1,,,,,,,0,,,0,,ok,,2026-07-28
PUB;d09481f52e7e4fe896e4f7fc0164e6b2,strategy,KALKI TFXBOT,KalkiTrader007,8e896dbbb755ece71a0bb60d7744c4409019cc43cb6454b7eefe32b4d09ec576,BINANCE:BTCUSDT,30,BINANCE:BTCUSDT,30,2025-01-01T00:00:00+00:00,2026-07-08T15:00:00+00:00,26575,1,1,,1,1,1,26555,1,,1,1.06,0.0399,2,26554,1.0,1.0,Liquidity Floor,1.0,0.0,0.0,0.0,0.0,1.0,,,,,353,353,1.0,1.0,1.0,0,0,16434.28,16434.28,1,16434.28,16434.28,1,,,,,,,0,,,0,,ok,,2026-07-28
PUB;dd44263866884e50bb26423774760808,strategy,LANZ Strategy 2.0 [Backtest],rau_u_lanz,8ec9b0ecff3e220ea6b029ebecad6a9c01316b024d892795f2d5f13344b89523,BINANCE:BTCUSDT,30,BINANCE:BTCUSDT,30,2025-01-01T00:00:00+00:00,2026-07-07T06:30:00+00:00,26510,1,1,,1,1,1,0,1,,1,0.8,,,,,,,,,,,,,,,,,43,43,1.0,1.0,1.0,0,0,-39999.29,-39999.288,1,-3.999929,-4.0,1,,,,,,,0,,,0,,ok,,2026-07-28
PUB;4345af4701df455f89d3efa885595f7e,strategy,LANZ Strategy 4.0 [Backtest],rau_u_lanz,1436f327407c47e7860ee92e956081661b4e12dece039ca3cf5acd2c3e272d3f,BINANCE:BTCUSDT,30,BINANCE:BTCUSDT,30,2025-01-01T00:00:00+00:00,2026-06-24T00:30:00+00:00,25874,1,1,,1,1,1,0,1,,1,0.729,,,,,,,,,,,,,,,,,47,47,1.0,1.0,1.0,0,0,1100.3477,1100.3476,1,0.110035,0.110035,1,,,,,,,0,,,0,,ok,,2026-07-28
PUB;dd87adfe2b0a43b798d140c8a9d358b8,strategy,Liquidity Sweep Filter Strategy [AlgoAlpha X PineIndicators],PineIndicators,6af7602e293d1fd5aeb162aacc48a23365085a8612cfc2d8eab22a5d70d624fc,BINANCE:BTCUSDT,30,BINANCE:BTCUSDT,30,2025-01-01T00:00:00+00:00,2026-07-02T12:30:00+00:00,26282,1,1,,1,1,1,26283,1,,1,27.559,1.0486,8,26282,1.0,1.0,Downtrend Line,1.0,0.005,0.0,0.0,0.0,1.0,,,,,176,176,1.0,1.0,1.0,0,0,-46014.57,-46014.554,1,-46.01457,-46.01,1,,,,,,,0,,,0,,ok,,2026-07-28
PUB;04da620e890c46e5a5d976b8886c596e,strategy,Long-Only Opening Range Breakout (ORB) with Pivot Points,VolumeVigilante,af6e86240a7cc6cfbf5275524b3a8b7e724eaa0e05aed06a2ac6ae69fc7d5d5a,BINANCE:BTCUSDT,30,BINANCE:BTCUSDT,30,2025-01-01T00:00:00+00:00,2026-07-08T15:00:00+00:00,26575,1,1,,1,1,1,26022,1,,1,3.173,0.1194,12,26021,1.0,1.0,R1,1.0,0.005,0.0,0.0,0.0,1.0,,,,,544,544,1.0,1.0,1.0,0,0,-3653.2837,-3653.2836,1,-36.532837,-36.53,1,,,,,,,1,1,"[{""symbol"": ""BINANCE:BTCUSDT"", ""timeframe"": ""D"", ""from"": ""2019-07-12T00:00:00+00:00"", ""to"": ""2026-07-08T00:00:00+00:00"", ""bars"": 2554}]",0,,ok,,2026-07-28
PUB;aa6bd019422d4cea80adc2f2929cc433,strategy,LuxAlgo SMC Pro Ultimate,HAC19,4db0c1ab605841b5771267b2e38aef016b77be469bbde853d2425099e3370da8,BINANCE:BTCUSDT,30,BINANCE:BTCUSDT,30,2025-01-01T00:00:00+00:00,2026-07-06T12:30:00+00:00,26474,1,1,,1,1,1,26475,1,,1,1.371,0.0518,2,26474,1.0,1.0,Stop Loss,1.0,0.004992,0.0,0.0,0.0,1.0,,,,,75,75,1.0,1.0,1.0,0,0,-35.125145,-35.125146,1,-0.351251,-0.351251,1,,,,,,,0,,,0,,ok,,2026-07-28
PUB;97230b13d2284b0c9c5034bb870e5693,strategy,MACD Liquidity Tracker Strategy [Quant Trading],Quant_Trading_Pro,a7598f0c0d04560e102907d56c53a0e74b2a71f64005b96adfc6eb9a4eb3f310,BINANCE:BTCUSDT,30,BINANCE:BTCUSDT,30,2025-01-01T00:00:00+00:00,2026-07-08T05:00:00+00:00,26555,1,1,,1,1,1,26556,1,,1,1.119,0.0421,8,26555,1.0,1.0,Trend MA,1.0,0.005,0.0,0.0,0.0,1.0,,,,,234,234,1.0,1.0,1.0,0,0,-578.45,-578.45002,1,-57.845,-57.845002,1,,,,,,,0,,,0,,ok,,2026-07-28
PUB;e62df26c095b435588bd2e51fd132f6b,strategy,MTF Screener MA Cross System,yigdeli,dd637b9960ab54bab77f995cf9d0278b6e0185dd32dc2606f5a2ac16ed5ec15a,BINANCE:BTCUSDT,30,BINANCE:BTCUSDT,30,2025-01-01T00:00:00+00:00,2026-07-05T17:00:00+00:00,26435,1,1,,1,1,1,26436,1,,1,53.598,2.0275,25,26435,1.0,1.0,Plot,1.0,0.005,0.0,0.0,0.0,1.0,,,,,230,230,1.0,1.0,1.0,0,0,113.12976,113.12976,1,1.131298,1.131298,1,,,,,,,1,11,"[{""symbol"": ""BINANCE:BTCUSDT"", ""timeframe"": ""240"", ""from"": ""2024-02-02T16:00:00+00:00"", ""to"": ""2026-07-05T16:00:00+00:00"", ""bars"": 5305}, {""symbol"": ""BIST:ASELS"", ""timeframe"": ""60"", ""from"": ""2024-10-10T06:00:00+00:00"", ""to"": ""2026-07-05T17:00:00+00:00"", ""bars"": 24695}, {""symbol"": ""BIST:THYAO"", ""timeframe"": ""60"", ""from"": ""2024-10-10T06:00:00+00:00"", ""to"": ""2026-07-05T17:00:00+00:00"", ""bars"": 24695}, {""symbol"": ""BINANCE:BTCUSDT.P"", ""timeframe"": ""60"", ""from"": ""2024-10-09T16:00:00+00:00"", ""to"": ""2026-07-05T17:00:00+00:00"", ""bars"": 15218}, {""symbol"": ""BINANCE:ETHUSDT.P"", ""timeframe"": ""60"", ""from"": ""2024-10-09T16:00:00+00:00"", ""to"": ""2026-07-05T17:00:00+00:00"", ""bars"": 15218}, {""symbol"": ""BINANCE:XRPUSDT.P"", ""timeframe"": ""60"", ""from"": ""2024-10-09T16:00:00+00:00"", ""to"": ""2026-07-05T17:00:00+00:00"", ""bars"": 15218}, {""symbol"": ""BINANCE:DOGEUSDT.P"", ""timeframe"": ""60"", ""from"": ""2024-10-09T16:00:00+00:00"", ""to"": ""2026-07-05T17:00:00+00:00"", ""bars"": 15218}, {""symbol"": ""BINANCE:AVAXUSDT.P"", ""timeframe"": ""60"", ""from"": ""2024-10-09T16:00:00+00:00"", ""to"": ""2026-07-05T17:00:00+00:00"", ""bars"": 15218}, {""symbol"": ""NASDAQ:TSLA"", ""timeframe"": ""60"", ""from"": ""2024-10-09T16:30:00+00:00"", ""to"": ""2026-07-02T19:30:00+00:00"", ""bars"": 15148}, {""symbol"": ""BIST:PGSUS"", ""timeframe"": ""60"", ""from"": ""2024-10-10T06:00:00+00:00"", ""to"": ""2026-07-05T17:00:00+00:00"", ""bars"": 24695}, {""symbol"": ""BINANCE:USDTTRY"", ""timeframe"": ""60"", ""from"": ""2024-10-09T16:00:00+00:00"", ""to"": ""2026-07-05T17:00:00+00:00"", ""bars"": 15218}]",0,,ok,,2026-07-28
PUB;460c6559887e4112b22a0726aa704dee,strategy,Market Trend Levels Non-Repainting [BigBeluga X PineIndicators],PineIndicators,dd796b86fd6212bc3dc4798e4a1917b86a65410dc5acd1ea99967fc0e814ad7f,BINANCE:BTCUSDT,30,BINANCE:BTCUSDT,30,2025-01-01T00:00:00+00:00,2026-07-08T05:00:00+00:00,26555,1,1,,1,1,1,26556,1,,1,1.938,0.073,3,26555,1.0,1.0,Fast EMA,1.0,0.005,0.0,0.0,0.0,1.0,,,,,487,487,1.0,1.0,1.0,0,0,-47487.555,-47487.556,1,-47.487555,-47.487556,1,,,,,,,0,,,0,,ok,,2026-07-28
PUB;84de2f0edc6f4bca9eb628f8093406b2,strategy,Master Trend Strategy v1.0,jake_theboss,8a30774d26582f80e5441f9deee96107a68d4163ed46f8702120fa6dffdb2108,BINANCE:BTCUSDT,30,BINANCE:BTCUSDT,30,2025-01-01T00:00:00+00:00,2026-07-05T17:00:00+00:00,26435,1,1,,1,1,1,26436,1,,1,2.7,0.1021,5,26435,1.0,1.0,MT Bull Signal,1.0,0.005,0.0,0.0,0.0,1.0,,,,,2067,2067,1.0,1.0,1.0,0,0,-122042.44,-122042.44,1,-12.204244,-12.204244,1,,,,,,,0,,,0,,ok,,2026-07-28
PUB;19e48adf5cf9498a9589c5839b0106c1,strategy,Moving Average Band Strategy,ravi_matrix,2816464d0459c06b8a95a7a09c2cc728a61d167107d5a75451636fb2569ffa48,BINANCE:BTCUSDT,30,BINANCE:BTCUSDT,30,2025-01-01T00:00:00+00:00,2026-07-02T13:00:00+00:00,26283,1,1,,1,1,1,26284,1,,1,1.761,0.067,15,26283,1.0,1.0,Upper Band,1.0,0.005,0.0,0.0,0.0,1.0,,,,,2046,2046,1.0,1.0,1.0,0,0,440561.6,440561.61,1,44.05616,44.06,1,,,,,,,0,,,0,,ok,,2026-07-28
PUB;6d7de3ca626841d5a661600e71a7e236,strategy,Moving Average Crossover Swing Strategy,D_Rockefeller,a682e2a4f92d10e1337b7cf756eeb6b639ae289076838fee89a6785934f87804,BINANCE:BTCUSDT,30,BINANCE:BTCUSDT,30,2025-01-01T00:00:00+00:00,2026-07-06T12:30:00+00:00,26474,1,1,,1,1,1,26475,1,,1,2.885,0.109,11,26474,1.0,1.0,VWAP,1.0,0.005013,0.0,0.0,0.0,1.0,,,,,177,177,1.0,1.0,1.0,0,0,515.54047,515.74116,1,2.062162,2.062965,1,,,,,,,0,,,0,,ok,,2026-07-28
PUB;46d5b26375f24999b868cd9627b1d8de,strategy,NQ/MNQ Super Scalper [BACKTEST],Crispigino,5b8a1304c7aacbe10030cee4495965d7cbb3fe131d540995a3f0c887673beb2e,BINANCE:BTCUSDT,30,BINANCE:BTCUSDT,30,2025-01-01T00:00:00+00:00,2026-07-05T09:30:00+00:00,26420,1,1,,1,1,1,0,1,,1,150.536,,,,,,,,,,,,,,,,,349,332,0.934097,0.908309,0.888252,6,23,3391.885,10175.56,0,22.612567,67.837067,0,,,,,,,1,10,"[{""symbol"": ""BINANCE:BTCUSDT"", ""timeframe"": ""D"", ""from"": ""2019-07-12T00:00:00+00:00"", ""to"": ""2026-07-05T00:00:00+00:00"", ""bars"": 2551}, {""symbol"": ""BINANCE:BTCUSDT"", ""timeframe"": ""5"", ""from"": ""2025-07-23T12:55:00+00:00"", ""to"": ""2026-07-05T09:55:00+00:00"", ""bars"": 99901}, {""symbol"": ""BINANCE:BTCUSDT"", ""timeframe"": ""15"", ""from"": ""2025-05-01T00:00:00+00:00"", ""to"": ""2026-07-05T09:45:00+00:00"", ""bars"": 41320}, {""symbol"": ""BINANCE:BTCUSDT"", ""timeframe"": ""60"", ""from"": ""2024-10-09T16:00:00+00:00"", ""to"": ""2026-07-05T09:00:00+00:00"", ""bars"": 15210}, {""symbol"": ""BINANCE:BTCUSDT"", ""timeframe"": ""240"", ""from"": ""2024-02-02T16:00:00+00:00"", ""to"": ""2026-07-05T08:00:00+00:00"", ""bars"": 5303}, {""symbol"": ""SPY"", ""timeframe"": ""30"", ""from"": ""2024-11-20T14:30:00+00:00"", ""to"": ""2026-07-05T09:30:00+00:00"", ""bars"": 28407}, {""symbol"": ""ES1!"", ""timeframe"": ""30"", ""from"": ""2024-11-20T08:00:00+00:00"", ""to"": ""2026-07-05T09:30:00+00:00"", ""bars"": 28420}, {""symbol"": ""QQQ"", ""timeframe"": ""30"", ""from"": ""2024-11-20T14:30:00+00:00"", ""to"": ""2026-07-05T09:30:00+00:00"", ""bars"": 28407}, {""symbol"": ""USI:TICK"", ""timeframe"": ""30"", ""from"": ""2024-11-20T14:30:00+00:00"", ""to"": ""2026-07-05T09:30:00+00:00"", ""bars"": 28407}, {""symbol"": ""CBOE:VIX"", ""timeframe"": ""30"", ""from"": ""2024-11-20T08:15:00+00:00"", ""to"": ""2026-07-05T09:30:00+00:00"", ""bars"": 56826}]",1,request.footprint() — tick-level order-flow data (buy/sell aggressor split) unavailable in PyneCore,ok,,2026-07-28
PUB;88ecbc7308e04042b5c0883126b157b5,strategy,ORB SESSIONS,VONKAR,46f7cbaec210aca4c4874c83d5749f63b2d43d7f94c429a51bcf572aa7ce4811,BINANCE:BTCUSDT,30,BINANCE:BTCUSDT,30,2025-01-01T00:00:00+00:00,2026-07-06T12:30:00+00:00,26474,1,1,,1,1,1,26475,1,,1,42.008,1.5868,12,26474,1.0,1.0,NY Long,1.0,0.004998,0.0,0.0,0.0,1.0,,,,,640,640,1.0,1.0,1.0,0,0,-2194.165,-2194.43,1,-4.38833,-4.38886,1,,,,,,,0,,,0,,ok,,2026-07-28
PUB;9f89cd8bc5114f679286c5884e5ae938,strategy,Order Block Volumatic FVG Strategy,TagsTrading,22542aad5a3bbdf4bce243a440a989058f8ca52d8b75f4efa5e9be7ce315224b,BINANCE:BTCUSDT,30,BINANCE:BTCUSDT,30,2025-01-01T00:00:00+00:00,2026-06-29T12:30:00+00:00,26138,1,1,,1,1,1,699,1,,1,54.328,2.0785,2,699,0.995708,0.997854,Candidate Bear mitigation (%),0.992147,0.0,0.0,0.0,0.0,1.0,1765024200,,,,65,65,1.0,1.0,1.0,0,0,-10.428261,-10.428261,1,-10.428261,-10.428261,1,,,,,,,1,1,"[{""symbol"": ""BINANCE:BTCUSDT"", ""timeframe"": ""3"", ""from"": ""2025-12-03T04:30:00+00:00"", ""to"": ""2026-06-29T12:30:00+00:00"", ""bars"": 100001}]",0,,ok,,2026-07-28
PUB;005e8073c6a64a22b11ba5996d951ff4,strategy,Precision Confluence Trading Strategy [JOAT],officialjackofalltrades,a4780b85c234865b316a010f3c57398283f786517d52f32c60dacf21ef5be41f,BINANCE:BTCUSDT,30,BINANCE:BTCUSDT,30,2025-01-01T00:00:00+00:00,2026-07-09T21:30:00+00:00,26636,1,1,,1,1,1,26637,1,,1,10.272,0.3856,14,26636,1.0,1.0,Daily Pivot,1.0,0.005002,0.0,0.0,0.0,1.0,,,,,346,346,1.0,1.0,1.0,0,0,-823.62994,-823.6371,1,-8.236299,-8.236371,1,,,,,,,1,5,"[{""symbol"": ""BINANCE:BTCUSDT"", ""timeframe"": ""D"", ""from"": ""2019-07-12T00:00:00+00:00"", ""to"": ""2026-07-09T00:00:00+00:00"", ""bars"": 2555}, {""symbol"": ""BINANCE:BTCUSDT"", ""timeframe"": ""W"", ""from"": ""2017-09-25T00:00:00+00:00"", ""to"": ""2026-07-06T00:00:00+00:00"", ""bars"": 459}, {""symbol"": ""BINANCE:BTCUSDT"", ""timeframe"": ""15"", ""from"": ""2025-05-01T00:15:00+00:00"", ""to"": ""2026-07-09T21:45:00+00:00"", ""bars"": 20876}, {""symbol"": ""BINANCE:BTCUSDT"", ""timeframe"": ""60"", ""from"": ""2024-10-09T16:00:00+00:00"", ""to"": ""2026-07-09T21:00:00+00:00"", ""bars"": 15318}, {""symbol"": ""BINANCE:BTCUSDT"", ""timeframe"": ""240"", ""from"": ""2024-02-02T16:00:00+00:00"", ""to"": ""2026-07-09T20:00:00+00:00"", ""bars"": 5330}]",0,,ok,,2026-07-28
PUB;9c6e4ca8f74d407c8cfae57b37c60f08,strategy,RCI Strategy [PineIndicators],PineIndicators,1d63a9b64f9a4cfc6522b82e86328965511d3229e5d5650b5003b00b47b5bab9,BINANCE:BTCUSDT,30,BINANCE:BTCUSDT,30,2025-01-01T00:00:00+00:00,2026-07-06T12:30:00+00:00,26474,1,1,,1,1,1,25999,1,,1,1.85,0.0699,5,25998,1.0,1.0,RCI,1.0,0.0,0.0,0.0,0.0,1.0,,,,,8601,8606,0.999651,0.999651,0.998838,8,3,-675127.1,-675239.18,1,-67.51271,-67.52,1,,,,,,,0,,,0,,ok,,2026-07-28
PUB;6c34907eba564a7e9ec5742eed59ebb3,strategy,RSI + MACD Multi-Timeframe Strategy,RWCS_LTD,6d489331a334f274e783d32edfcb7c0fcb8ca101cf9b97d0d07640cf33dba304,BINANCE:BTCUSDT,30,BINANCE:BTCUSDT,30,2025-01-01T00:00:00+00:00,2026-07-08T15:00:00+00:00,26575,1,1,,1,1,1,26576,1,,1,2.046,0.077,3,26575,1.0,1.0,RSI (1D),1.0,0.0,0.0,0.0,0.0,1.0,,,,,1,1,1.0,1.0,1.0,0,0,140588.2,140588.2,1,14.05882,14.06,1,,,,,,,1,2,"[{""symbol"": ""BINANCE:BTCUSDT"", ""timeframe"": ""1D"", ""from"": ""2019-07-12T00:00:00+00:00"", ""to"": ""2026-07-08T00:00:00+00:00"", ""bars"": 2554}, {""symbol"": ""BINANCE:BTCUSDT"", ""timeframe"": ""240"", ""from"": ""2024-02-02T16:00:00+00:00"", ""to"": ""2026-07-08T12:00:00+00:00"", ""bars"": 5322}]",0,,ok,,2026-07-28
PUB;fac9201d2b5e4509b3b42f16ee8116e6,strategy,RSI Divergence Strategy,Pro_Trader_HTBB,c08ac6dfb38492df26eb652379a4b813b48c478a167c92db72bd69f90c2c867d,BINANCE:BTCUSDT,30,BINANCE:BTCUSDT,30,2025-01-01T00:00:00+00:00,2026-07-09T21:30:00+00:00,26636,1,1,,1,1,1,26637,1,,1,1.511,0.0567,3,26636,1.0,1.0,RSI,1.0,0.0,0.0,0.0,0.0,1.0,,,,,9,9,1.0,1.0,1.0,0,0,1160.4161,1160.2331,1,1.160416,1.16,1,,,,,,,0,,,0,,ok,,2026-07-28
PUB;4d22c0ddd0024ac1809a100e92802165,strategy,RSI Strategy [PrimeAutomation],ChartPrime,f6c445c832bef4cc64a65575dac25c7b8008c7912db5b2d5bd24bd9f6cd2c64e,BINANCE:BTCUSDT,30,BINANCE:BTCUSDT,30,2025-01-01T00:00:00+00:00,2026-07-02T10:30:00+00:00,26278,1,1,,1,1,1,26279,1,,1,25.489,0.97,7,26278,1.0,1.0,Trail Stop,1.0,0.004964,0.0,0.0,0.0,1.0,,,,,206,206,1.0,1.0,1.0,0,0,-172.89429,-172.89429,1,-1.728943,-1.73,1,,,,,,,1,1,"[{""symbol"": ""BINANCE:BTCUSDT"", ""timeframe"": ""5"", ""from"": ""2025-07-20T05:10:00+00:00"", ""to"": ""2026-07-02T10:30:00+00:00"", ""bars"": 100001}]",0,,ok,,2026-07-28
PUB;96d3cf8e482f4527803157f068726505,strategy,RSI-Adaptive T3 & SAR Strategy [PrimeAutomation],ChartPrime,6827180ea116b0d1e88a98a6826b205f68b781e98f9c1ab13a6e3476795b3ceb,BINANCE:BTCUSDT,30,BINANCE:BTCUSDT,30,2025-01-01T00:00:00+00:00,2026-07-02T12:30:00+00:00,26282,1,1,,1,1,1,26283,1,,1,25.412,0.9669,5,26282,1.0,1.0,SAR Filter,1.0,0.005,0.0,0.0,0.0,1.0,,,,,454,454,1.0,1.0,1.0,0,0,-555.0037,-555.00371,1,-5.550037,-5.550037,1,,,,,,,1,1,"[{""symbol"": ""BINANCE:BTCUSDT"", ""timeframe"": ""5"", ""from"": ""2025-07-20T07:10:00+00:00"", ""to"": ""2026-07-02T12:30:00+00:00"", ""bars"": 100001}]",0,,ok,,2026-07-28
PUB;30b1a0e07387481eabd34c886416780a,strategy,Rally Base Drop SND Pivots Strategy [LuxAlgo X PineIndicators],PineIndicators,3f383b0339998c7de4e23b8dd05d3333a214aeaf6d791c7e8d16d7a45731e7f6,BINANCE:BTCUSDT,30,BINANCE:BTCUSDT,30,2025-01-01T00:00:00+00:00,2026-07-02T01:30:00+00:00,26260,1,1,,1,1,1,0,1,,1,1.06,,,,,,,,,,,,,,,,,240,240,1.0,1.0,1.0,0,0,-20335.516,-20335.524,1,-20.335516,-20.335524,1,,,,,,,0,,,0,,ok,,2026-07-28
PUB;465b6bc4cc7943079e4d3fa8c1e11090,strategy,Reversal Trading Bot Strategy[BullByte],BullByte,4423e86153af80f3468e22fd31b9306ff56af7282a92a4da6d67a22fe22caea6,BINANCE:BTCUSDT,30,BINANCE:BTCUSDT,30,2025-01-01T00:00:00+00:00,2026-07-05T17:00:00+00:00,26435,1,1,,1,1,1,26436,1,,1,1.809,0.0684,0,0,,,,,,,,,,,,,,770,770,1.0,1.0,1.0,0,0,-29.781965,-29.781966,1,-2.978197,-2.98,1,,,,,,,0,,,0,,ok,,2026-07-28
PUB;dd8fa71189fa419c826e8b6863621385,strategy,Silver Risk Management outperformed Buy & Hold,CuriousMacroX,78bb79bed855da2b875034e619770bdf94f964df6ffa4fa1424a1f551a30ade6,BINANCE:BTCUSDT,30,BINANCE:BTCUSDT,30,2025-01-01T00:00:00+00:00,2026-07-08T05:00:00+00:00,26555,1,1,,1,1,1,26556,1,,1,12.651,0.4764,8,26555,1.0,1.0,Silver EMA slow,1.0,0.005,0.0,0.0,0.0,1.0,,,,,798,798,1.0,1.0,1.0,0,0,-8901.971,-8901.9703,1,-89.01971,-89.019703,1,,,,,,,1,2,"[{""symbol"": ""TVC:DXY"", ""timeframe"": ""30"", ""from"": ""2024-11-20T08:00:00+00:00"", ""to"": ""2026-07-08T05:00:00+00:00"", ""bars"": 28555}, {""symbol"": ""TVC:US10Y"", ""timeframe"": ""30"", ""from"": ""2024-11-20T08:00:00+00:00"", ""to"": ""2026-07-08T05:00:00+00:00"", ""bars"": 28555}]",0,,ok,,2026-07-28
PUB;d828d3c5cea540869b9be0070e0ac8af,strategy,Smart Grid Scalping (Pullback) Strategy[BullByte],BullByte,d23c8c1f9c1a286040b444fa40f5989f4ef261d80b531f1bb0c733a82a77f6c4,BINANCE:BTCUSDT,30,BINANCE:BTCUSDT,30,2025-01-01T00:00:00+00:00,2026-07-02T12:30:00+00:00,26282,1,1,,1,1,1,26283,1,,1,2.651,0.1009,0,26282,,,,,,,,,,,,,,308,308,1.0,1.0,1.0,0,0,57217.453,57217.419,1,5.721745,5.721742,1,,,,,,,0,,,0,,ok,,2026-07-28
PUB;6d324799a424491c9a27a89726326ab4,strategy,Smart Money Pivot Strategy [Jason Kasei],Jasonkasei,c2ead0d0a5ae7208680943b588d0b1425c219738c95a6d0fe79ca7a8fd7d5c6f,BINANCE:BTCUSDT,30,BINANCE:BTCUSDT,30,2025-01-01T00:00:00+00:00,2026-07-04T15:00:00+00:00,26383,1,1,,1,1,1,0,1,,1,0.946,,,,,,,,,,,,,,,,,384,384,1.0,1.0,1.0,0,0,-1188.8184,-1188.8183,1,-11.888184,-11.89,1,,,,,,,0,,,0,,ok,,2026-07-28
PUB;3f3d9ba4bd5644f9a3f3d0d68326e736,strategy,Solution Zigma - Fibonacci Impulse,SATI_by_OpesSemper,1ed0bfd3a82ee06f649fc54429ab1d51429ff5735c736309d5016b90b2521089,BINANCE:BTCUSDT,30,BINANCE:BTCUSDT,30,2025-01-01T00:00:00+00:00,2026-07-02T13:00:00+00:00,26283,1,1,,1,1,1,26284,1,,1,18.863,0.7177,19,26283,1.0,1.0,Zigma Bull impulse,1.0,0.005,0.0,0.0,0.0,1.0,,,,,349,349,1.0,1.0,1.0,0,0,258.9952,258.9952,1,0.0259,0.0259,1,,,,,,,1,3,"[{""symbol"": ""BINANCE:BTCUSDT"", ""timeframe"": ""240"", ""from"": ""2024-02-02T16:00:00+00:00"", ""to"": ""2026-07-02T12:00:00+00:00"", ""bars"": 5286}, {""symbol"": ""BINANCE:BTCUSDT"", ""timeframe"": ""60"", ""from"": ""2024-10-09T16:00:00+00:00"", ""to"": ""2026-07-02T13:00:00+00:00"", ""bars"": 15142}, {""symbol"": ""BINANCE:BTCUSDT"", ""timeframe"": ""15"", ""from"": ""2025-05-01T00:00:00+00:00"", ""to"": ""2026-07-02T13:15:00+00:00"", ""bars"": 41046}]",0,,ok,,2026-07-28
PUB;48589187e60d47e4a54e1bc983b3fd3c,strategy,SuperTrend AI Adaptive - Strategy [BTC],DefinedEdge,b820dcf502f07074090f1b7666923e14b74f2b019850aab2358490721b93dc5d,BINANCE:BTCUSDT,30,BINANCE:BTCUSDT,30,2025-01-01T00:00:00+00:00,2026-07-08T05:00:00+00:00,26555,1,1,,1,1,1,26556,1,,1,1.592,0.06,11,26555,1.0,1.0,Glow Outer,1.0,0.005,0.0,0.0,0.0,1.0,,,,,293,293,1.0,1.0,1.0,0,0,-5181.6787,-5181.6787,1,-51.816787,-51.82,1,,,,,,,0,,,0,,ok,,2026-07-28
PUB;d6fba11d365a42f89f44000bc678d087,strategy,SuperTrend STRATEGY,holdon_to_profits,5fba258f2795bc61a2fce57ab3157c9bccf19816b5adfdb968ef2f456d84a058,BINANCE:BTCUSDT,30,BINANCE:BTCUSDT,30,2025-01-01T00:00:00+00:00,2026-07-06T12:30:00+00:00,26474,1,1,,1,1,1,26465,1,,1,1.1,0.0416,3,26464,1.0,1.0,Up Trend,1.0,0.005,0.0,0.0,0.0,1.0,,,,,84,84,1.0,1.0,1.0,0,0,-2944236.0,-2944236.0,1,-29.44236,-29.44236,1,,,,,,,0,,,0,,ok,,2026-07-28
PUB;02044cbd22bc4b9389f4e2443a6e7674,strategy,TASC 2026.03 One Percent A Week,PineCodersTASC,497d16fdb7ed4702595a017eead212ec9c206a7c74e7eba80cc2f66450d7c9ba,BINANCE:BTCUSDT,30,BINANCE:BTCUSDT,30,2025-01-01T00:00:00+00:00,2026-07-06T10:30:00+00:00,26470,1,1,,1,1,1,10261,1,,1,0.905,0.0342,4,10261,1.0,1.0,Weekly Open,1.0,0.00475,0.0,0.0,0.0,1.0,,,,,65,65,1.0,1.0,1.0,0,0,-20.848583,-20.848584,1,-2.084858,-2.084858,1,,,,,,,0,,,0,,ok,,2026-07-28
PUB;4eba554427d74fa9b2a6f1e1353a6230,strategy,Template Trailing Strategy (Backtester),jason5480,03955a2d4857c5c43f2ccd9ed4e1b088215c9b80c365e1df76e2ccfbb220c85f,BINANCE:BTCUSDT,30,BINANCE:BTCUSDT,30,2025-01-01T00:00:00+00:00,2026-07-02T12:30:00+00:00,26282,1,1,,1,1,1,26283,1,,1,26.3,1.0007,30,26282,1.0,1.0,🔌Signal,1.0,0.005,0.0,0.0,0.0,1.0,,,,,200,200,1.0,1.0,1.0,0,0,-26871.244,-26871.244,1,-26.871244,-26.871244,1,,,,,,,1,0,,0,,ok,,2026-07-28
PUB;a9bce057833c40c3ad542a51ec53132e,strategy,ThinkTech AI Signals,Theonealgo,7fab41f89d43a8351862481567467b9b87af2b4111f88caa15bf914ca27ea006,BINANCE:BTCUSDT,30,BINANCE:BTCUSDT,30,2025-01-01T00:00:00+00:00,2026-07-08T15:00:00+00:00,26575,1,1,,1,1,1,26576,1,,1,1.332,0.0501,6,26575,1.0,1.0,Liquidity Base (Support),1.0,0.0,0.0,0.0,0.0,1.0,,,,,1621,1621,1.0,1.0,1.0,0,0,-4567.849,-4567.8489,1,-4.567849,-4.57,1,,,,,,,0,,,0,,ok,,2026-07-28
PUB;e747372391a444b0a75935aed0e225c0,strategy,Tick-Tock (UT Bot Alert + Linear Regression Candles),MrPencilBox,dd4fbd22c250c00c8d2fc337b93eeff53a11bd0c1bc2b4ad22663682a44f05a3,BINANCE:BTCUSDT,30,BINANCE:BTCUSDT,30,2025-01-01T00:00:00+00:00,2026-07-01T16:30:00+00:00,26242,1,1,,1,1,1,26243,1,,1,2.861,0.109,3,26242,1.0,1.0,Signal (Stop Reference),1.0,0.005,0.0,0.0,0.0,1.0,,,,,895,895,1.0,1.0,1.0,0,0,-15455.15,-15455.16,1,-1.545515,-1.55,1,,,,,,,1,0,,0,,ok,,2026-07-28
PUB;832f2f0f408d4b12a4e431123767e3ac,strategy,Trading Report Generator from CSV,adolgov,cfb731846f03c1cec8d657b14ec73f31e67864dbd109316b55e52494754a1a6a,CRYPTO:BTCUSD,30,CRYPTO:BTCUSD,30,2025-01-01T00:00:00+00:00,2025-07-25T07:00:00+00:00,9855,1,1,,1,1,1,0,1,,1,0.432,,,,,,,,,,,,,,,,,2,2,1.0,1.0,1.0,0,0,2255772.0,2255772.0,1,225.5772,225.5772,1,,,,,,,0,,,0,,ok,,2026-07-28
PUB;0xIMSgNhPUlPkr5LmMmsOIjCVGq6M95q,strategy,Trailing Take Profit,jason5480,3d60c9d9e8b542137f5b91baffddf3c90c30c4adbd66b73bb62caad7cfe4e018,BINANCE:BTCUSDT,30,BINANCE:BTCUSDT,30,2025-01-01T00:00:00+00:00,2026-06-28T18:30:00+00:00,26102,1,1,,1,1,1,26083,1,,1,6.344,0.243,4,26082,1.0,1.0,Fast SMA,1.0,0.004898,0.0,0.0,0.0,1.0,,,,,3,3,1.0,1.0,1.0,0,0,20615.635,20615.634,1,20.615635,20.62,1,,,,,,,0,,,0,,ok,,2026-07-28
PUB;41jwaH1ikzASSsZWoTeUs7JpItoC6jIz,strategy,Trailing Take Profit Trailing Stop Loss,jason5480,ee07dd6c24991c4b9f9539455eafa57e217e66775030ddec7cf7b15495124e13,BINANCE:BTCUSDT,30,BINANCE:BTCUSDT,30,2025-01-01T00:00:00+00:00,2026-07-02T12:30:00+00:00,26282,1,1,,1,1,1,26263,1,,1,7.575,0.2882,7,26262,1.0,1.0,Fast SMA,1.0,0.005,0.0,0.0,0.0,1.0,,,,,1256,1256,1.0,1.0,1.0,0,0,-21120.564,-21120.565,1,-21.120564,-21.12,1,,,,,,,0,,,0,,ok,,2026-07-28
PUB;YYoXIgjwHL4SJn6Sk9DAudZrqt1DTz23,strategy,Trend Reversal Alerts Strategy [4H/3M],sequentialvision,e12472bb81b6f8dd838fba623796f8593ea6bf7e4196b5369316f9bdb6960f6b,BINANCE:BTCUSDT,30,BINANCE:BTCUSDT,30,2025-01-01T00:00:00+00:00,2026-07-01T16:30:00+00:00,26242,1,1,,1,1,1,26243,1,,1,0.79,0.0301,1,26242,1.0,1.0,Plot,1.0,0.0,0.0,0.0,0.0,1.0,,,,,2235,2235,1.0,1.0,1.0,0,0,-64993.78,-64993.78,1,-6.499378,-6.499378,1,,,,,,,0,,,0,,ok,,2026-07-28
PUB;d2fd783ded2f451c999dee876ff57623,strategy,Trend Trader-Remastered Strategy,aybarsm,f5cf8054014b914cac4ac1849ef0cdf8fea7eb62e5456d0969011fec80445c4f,BINANCE:BTCUSDT,30,BINANCE:BTCUSDT,30,2025-01-01T00:00:00+00:00,2026-07-08T15:30:00+00:00,26576,1,1,,1,1,1,26577,1,,1,4.289,0.1614,11,26576,1.0,1.0,BUY,1.0,0.005,0.0,0.0,0.0,1.0,,,,,1938,1938,1.0,1.0,1.0,0,0,-207.09189,-206.81651,1,-2.070919,-2.07,1,,,,,,,0,,,0,,ok,,2026-07-28
PUB;c5150782cf534904996d58386f951456,strategy,TrendMaster Pro 2.3 with Alerts,everget,249012791e71dc95b36315fd9f9dc75cb95b9ffc70692d715aa23e17232b90d1,BINANCE:BTCUSDT,30,BINANCE:BTCUSDT,30,2025-01-01T00:00:00+00:00,2026-07-02T12:30:00+00:00,26282,1,1,,1,1,1,26264,1,,1,4.705,0.179,8,26263,1.0,1.0,High Band,1.0,0.005,0.0,0.0,0.0,1.0,,,,,109,109,1.0,1.0,1.0,0,0,43055.05,43055.05,1,4.305505,4.305505,1,,,,,,,1,1,"[{""symbol"": ""BINANCE:BTCUSDT"", ""timeframe"": ""1W"", ""from"": ""2017-08-14T00:00:00+00:00"", ""to"": ""2026-06-29T00:00:00+00:00"", ""bars"": 464}]",0,,ok,,2026-07-28
PUB;8b8f6f97c59744839ef75ce314d84fd9,strategy,Trendline Breakout Strategy [KedArc Quant] ,kedarcquant,faef059f267692276a2a43dc294bcb6c4619c914742dff5f8a90bea8207e1b7a,BINANCE:BTCUSDT,30,BINANCE:BTCUSDT,30,2025-01-01T00:00:00+00:00,2026-07-05T17:30:00+00:00,26436,1,1,,1,1,1,26437,1,,1,1.292,0.0489,3,26436,1.0,1.0,EMA,1.0,0.004999,0.0,0.0,0.0,1.0,,,,,516,516,1.0,1.0,1.0,0,0,-664.8921,-664.89206,1,-0.664892,-0.66,1,,,,,,,0,,,0,,ok,,2026-07-28
PUB;89cd79617968408bba9fad999e30d7f4,strategy,Trendline Breaks with Multi Fibonacci Supertrend Strategy,FibonacciFlux,58238058af9217e1fcfc6b78cde1ade15c2dba579afcbd9cd1fb4faec03055ee,BINANCE:BTCUSDT,30,BINANCE:BTCUSDT,30,2025-01-01T00:00:00+00:00,2026-07-02T13:00:00+00:00,26283,1,1,,1,1,1,26283,1,,1,2.502,0.0952,6,26283,1.0,1.0,Average Supertrend,1.0,0.005,0.0,0.0,0.0,1.0,,,,,1180,1180,1.0,1.0,1.0,0,0,62.324604,62.324604,1,0.623246,0.623246,1,,,,,,,0,,,0,,ok,,2026-07-28
PUB;c3aff79ca231439db7bdfad70196c1a2,strategy,Triangular Hull Moving Average [BigBeluga X PineIndicators],PineIndicators,dead5f40f2c9cf38ee041eb3aab867f91031f58a30238dfb1fa26ed208dbd592,BINANCE:BTCUSDT,30,BINANCE:BTCUSDT,30,2025-01-01T00:00:00+00:00,2026-07-01T16:30:00+00:00,26242,1,1,,1,1,1,26243,1,,1,4.559,0.1737,4,26242,1.0,1.0,Up,1.0,0.004972,0.0,0.0,0.0,1.0,,,,,1001,1001,1.0,1.0,1.0,0,0,-31099.44,-31099.44,1,-3109.944,-3109.94,1,,,,,,,0,,,0,,ok,,2026-07-28
PUB;7b1eb75c2fa94ea798dc324bb6027311,strategy,Triple CCI Strategy MFI Confirmed [Skyrexio],Skyrexio,87f8b2cd7e6fd102caa761b79a7313d97c3d2b39db27a19048b45fb8622f1d27,BINANCE:BTCUSDT,240,BINANCE:BTCUSDT,240,2017-08-17T04:00:00+00:00,2026-07-27T08:00:00+00:00,19598,1,1,,1,1,1,19582,1,,1,1.244,0.0635,3,19581,1.0,1.0,Price,1.0,0.0005,0.0,0.0,0.0,1.0,,,,,47,47,1.0,1.0,1.0,0,0,4959.6836,4960.2888,1,49.596836,49.602888,1,,,,,,,0,,,0,,ok,,2026-07-28
PUB;07b589b8c6db4d30b1fb2ee49c8d7676,strategy,Tristan's Multi-Indicator Reversal Strategy,OhRayOhRay,626fae28e3ce0dbb999d0c051878aca80bc8699b223d9d421b1c25e6d7a7f231,BINANCE:BTCUSDT,30,BINANCE:BTCUSDT,30,2025-01-01T00:00:00+00:00,2026-07-08T15:00:00+00:00,26575,1,1,,1,1,1,26576,1,,1,2.467,0.0928,6,26575,1.0,1.0,Buy Signal,1.0,0.0,0.0,0.0,,1.0,,,,,458,458,1.0,1.0,1.0,0,0,-8824.461,-8824.4609,1,-0.882446,-0.88,1,,,,,,,0,,,0,,ok,,2026-07-28
PUB;3b01ba9f8cac4c92b8995eab91448e66,strategy,Turtle Strategy - Triple EMA Trend with ADX and ATR,cyatophilum,655c5d5d91e2a44dfa58bd55d20987239b4e5f5b6794742b2b1ae726eff7a8a1,BINANCE:BTCUSDT,30,BINANCE:BTCUSDT,30,2025-01-01T00:00:00+00:00,2026-06-15T07:00:00+00:00,25455,1,1,,1,1,1,25456,1,,1,1.019,0.04,8,25455,1.0,1.0,ADX,1.0,0.005,0.0,0.0,0.0,1.0,,,,,84,84,1.0,1.0,1.0,0,0,-4731.6685,-4731.6684,1,-0.473167,-0.47,1,,,,,,,0,,,0,,ok,,2026-07-28
PUB;c3f5469e3309498bb5c9f72a611cac62,strategy,Two-Bar Fib Retrace Strategy [Futures],UkesTrades,12ac406ba8492ad776abf933400a258902d7d0d75b4f22ec95362d678074f3f6,BINANCE:BTCUSDT,30,BINANCE:BTCUSDT,30,2025-01-01T00:00:00+00:00,2026-07-08T15:00:00+00:00,26575,1,1,,1,1,1,26576,1,,1,5.36,0.2017,1,26575,1.0,1.0,VWAP,1.0,0.005013,0.0,0.0,0.0,1.0,,,,,158,158,1.0,1.0,1.0,0,0,9124.017,9124.0164,1,9.124017,9.12,1,,,,,,,1,2,"[{""symbol"": ""BINANCE:BTCUSDT"", ""timeframe"": ""W"", ""from"": ""2017-08-14T00:00:00+00:00"", ""to"": ""2026-07-06T00:00:00+00:00"", ""bars"": 465}, {""symbol"": ""BINANCE:BTCUSDT"", ""timeframe"": ""D"", ""from"": ""2019-07-12T00:00:00+00:00"", ""to"": ""2026-07-08T00:00:00+00:00"", ""bars"": 2554}]",0,,ok,,2026-07-28
PUB;0b5f8a73449048daa1889680c7df20f4,strategy,Universal Breakout Strategy [KedArc Quant],kedarcquant,983f114a0bd75aa01b1f2d10666712ed5b47f5156545558a34e22e1fa2941b8b,BINANCE:BTCUSDT,30,BINANCE:BTCUSDT,30,2025-01-01T00:00:00+00:00,2026-07-01T17:00:00+00:00,26243,1,1,,1,1,1,26244,1,,1,2.697,0.1028,9,26243,1.0,1.0,Prev High,1.0,0.0,0.0,0.0,0.0,1.0,,,,,455,455,1.0,1.0,1.0,0,0,-164468.6,-164468.59,1,-16.44686,-16.45,1,,,,,,,1,1,"[{""symbol"": ""BINANCE:BTCUSDT"", ""timeframe"": ""D"", ""from"": ""2019-07-12T00:00:00+00:00"", ""to"": ""2026-07-01T00:00:00+00:00"", ""bars"": 2547}]",0,,ok,,2026-07-28
PUB;d919c1533a4241de963f630de1f1c8df,strategy,VWAP Breakout Strategy + EMAs + Clean Cycle/TP/SL Plots,CatalystNQ,845641099fcc25e4a11d88e9e29bcb0f4910b5da1ff6d986f49669f97eae6691,BINANCE:BTCUSDT,30,BINANCE:BTCUSDT,30,2025-01-01T00:00:00+00:00,2026-07-05T17:00:00+00:00,26435,1,1,,1,1,1,26436,1,,1,1.607,0.0608,4,26435,1.0,1.0,VWAP,1.0,0.005013,0.0,0.0,0.0,1.0,,,,,3884,3884,1.0,1.0,1.0,0,0,-24804.85,-24804.84,1,-2.480485,-2.48,1,,,,,,,0,,,0,,ok,,2026-07-28
PUB;zKG3qTtkset9N08RU9DY7GYo87faVuv0,strategy,[STRATEGY][RS]Open Session Breakout Trader,RicardoSantos,f17d4ffb0b1bc8892e6cd9646653f701648d9f7683d2c0ad048928a10fca8fa0,CAPITALCOM:EURUSD,30,CAPITALCOM:EURUSD,30,2024-01-01T22:00:00+00:00,2026-07-27T16:00:00+00:00,45013,1,1,,1,1,1,13188,1,,1,4.007,0.1254,6,13187,0.999541,0.999735,Trade Open Price Line,0.998816,0.0011,0.001001,4.3e-05,9.4e-05,1.0,1704191400,,,,870,869,0.997701,0.998851,0.997701,1,2,-202.6,-192.6,0,-0.2026,-0.1926,1,3,3 unmatched trades decided below the instrument's quotable resolution: every price series the direction is compared from agrees with TradingView to within 0.32 of one mintick (0.00001),1.0,-217.6,-217.6,1,1,1,"[{""symbol"": ""CAPITALCOM:EURUSD"", ""timeframe"": ""D"", ""from"": ""2021-12-30T22:00:00+00:00"", ""to"": ""2026-07-23T21:00:00+00:00"", ""bars"": 38282}]",0,,ok,,2026-07-28
PUB;63920ca76ebc4ed885d492c623c23ada,strategy,v2.0—Tristan's Multi-Indicator Reversal Strategy,OhRayOhRay,10f0bf22531332c5cc4a66c83ce3257bf71746865242b51013a33c19f883a23d,BINANCE:BTCUSDT,30,BINANCE:BTCUSDT,30,2025-01-01T00:00:00+00:00,2026-07-06T12:30:00+00:00,26474,1,1,,1,1,1,26475,1,,1,2.155,0.0814,6,26474,1.0,1.0,Buy Signal,1.0,0.0,0.0,0.0,,1.0,,,,,456,456,1.0,1.0,1.0,0,0,-37470.223,-37470.224,1,-3.747022,-3.75,1,,,,,,,0,,,0,,ok,,2026-07-28
